<?xml version="1.0" encoding="UTF-8"?>
<root>
  <item name="com.vecore.base.exoplayer2.extractor.ts.DefaultTsPayloadReaderFactory DefaultTsPayloadReaderFactory(int, java.util.List&lt;com.vecore.base.exoplayer2.Format&gt;) 0">
    <annotation name="androidx.annotation.IntDef">
      <val name="flag" val="true" />
      <val name="value" val="{com.vecore.base.exoplayer2.extractor.ts.DefaultTsPayloadReaderFactory.FLAG_ALLOW_NON_IDR_KEYFRAMES, com.vecore.base.exoplayer2.extractor.ts.DefaultTsPayloadReaderFactory.FLAG_IGNORE_AAC_STREAM, com.vecore.base.exoplayer2.extractor.ts.DefaultTsPayloadReaderFactory.FLAG_IGNORE_H264_STREAM, com.vecore.base.exoplayer2.extractor.ts.DefaultTsPayloadReaderFactory.FLAG_DETECT_ACCESS_UNITS, com.vecore.base.exoplayer2.extractor.ts.DefaultTsPayloadReaderFactory.FLAG_IGNORE_SPLICE_INFO_STREAM, com.vecore.base.exoplayer2.extractor.ts.DefaultTsPayloadReaderFactory.FLAG_OVERRIDE_CAPTION_DESCRIPTORS}" />
    </annotation>
  </item>
  <item name="com.vecore.base.exoplayer2.extractor.ts.DefaultTsPayloadReaderFactory boolean isSet(int) 0">
    <annotation name="androidx.annotation.IntDef">
      <val name="flag" val="true" />
      <val name="value" val="{com.vecore.base.exoplayer2.extractor.ts.DefaultTsPayloadReaderFactory.FLAG_ALLOW_NON_IDR_KEYFRAMES, com.vecore.base.exoplayer2.extractor.ts.DefaultTsPayloadReaderFactory.FLAG_IGNORE_AAC_STREAM, com.vecore.base.exoplayer2.extractor.ts.DefaultTsPayloadReaderFactory.FLAG_IGNORE_H264_STREAM, com.vecore.base.exoplayer2.extractor.ts.DefaultTsPayloadReaderFactory.FLAG_DETECT_ACCESS_UNITS, com.vecore.base.exoplayer2.extractor.ts.DefaultTsPayloadReaderFactory.FLAG_IGNORE_SPLICE_INFO_STREAM, com.vecore.base.exoplayer2.extractor.ts.DefaultTsPayloadReaderFactory.FLAG_OVERRIDE_CAPTION_DESCRIPTORS}" />
    </annotation>
  </item>
  <item name="com.vecore.base.exoplayer2.extractor.ts.DefaultTsPayloadReaderFactory flags">
    <annotation name="androidx.annotation.IntDef">
      <val name="flag" val="true" />
      <val name="value" val="{com.vecore.base.exoplayer2.extractor.ts.DefaultTsPayloadReaderFactory.FLAG_ALLOW_NON_IDR_KEYFRAMES, com.vecore.base.exoplayer2.extractor.ts.DefaultTsPayloadReaderFactory.FLAG_IGNORE_AAC_STREAM, com.vecore.base.exoplayer2.extractor.ts.DefaultTsPayloadReaderFactory.FLAG_IGNORE_H264_STREAM, com.vecore.base.exoplayer2.extractor.ts.DefaultTsPayloadReaderFactory.FLAG_DETECT_ACCESS_UNITS, com.vecore.base.exoplayer2.extractor.ts.DefaultTsPayloadReaderFactory.FLAG_IGNORE_SPLICE_INFO_STREAM, com.vecore.base.exoplayer2.extractor.ts.DefaultTsPayloadReaderFactory.FLAG_OVERRIDE_CAPTION_DESCRIPTORS}" />
    </annotation>
  </item>
  <item name="com.vecore.base.exoplayer2.extractor.ts.DefaultTsPayloadReaderFactory.Flags">
    <annotation name="androidx.annotation.IntDef">
      <val name="flag" val="true" />
      <val name="value" val="{com.vecore.base.exoplayer2.extractor.ts.DefaultTsPayloadReaderFactory.FLAG_ALLOW_NON_IDR_KEYFRAMES, com.vecore.base.exoplayer2.extractor.ts.DefaultTsPayloadReaderFactory.FLAG_IGNORE_AAC_STREAM, com.vecore.base.exoplayer2.extractor.ts.DefaultTsPayloadReaderFactory.FLAG_IGNORE_H264_STREAM, com.vecore.base.exoplayer2.extractor.ts.DefaultTsPayloadReaderFactory.FLAG_DETECT_ACCESS_UNITS, com.vecore.base.exoplayer2.extractor.ts.DefaultTsPayloadReaderFactory.FLAG_IGNORE_SPLICE_INFO_STREAM, com.vecore.base.exoplayer2.extractor.ts.DefaultTsPayloadReaderFactory.FLAG_OVERRIDE_CAPTION_DESCRIPTORS}" />
    </annotation>
  </item>
  <item name="com.vecore.base.exoplayer2.extractor.ts.TsExtractor TsExtractor(int, com.vecore.base.exoplayer2.util.TimestampAdjuster, com.vecore.base.exoplayer2.extractor.ts.TsPayloadReader.Factory) 0">
    <annotation name="androidx.annotation.IntDef">
      <val name="value" val="{com.vecore.base.exoplayer2.extractor.ts.TsExtractor.MODE_NORMAL, com.vecore.base.exoplayer2.extractor.ts.TsExtractor.MODE_SINGLE_PMT, com.vecore.base.exoplayer2.extractor.ts.TsExtractor.MODE_HLS}" />
    </annotation>
  </item>
  <item name="com.vecore.base.exoplayer2.extractor.ts.TsExtractor mode">
    <annotation name="androidx.annotation.IntDef">
      <val name="value" val="{com.vecore.base.exoplayer2.extractor.ts.TsExtractor.MODE_NORMAL, com.vecore.base.exoplayer2.extractor.ts.TsExtractor.MODE_SINGLE_PMT, com.vecore.base.exoplayer2.extractor.ts.TsExtractor.MODE_HLS}" />
    </annotation>
  </item>
  <item name="com.vecore.base.exoplayer2.extractor.ts.TsExtractor.Mode">
    <annotation name="androidx.annotation.IntDef">
      <val name="value" val="{com.vecore.base.exoplayer2.extractor.ts.TsExtractor.MODE_NORMAL, com.vecore.base.exoplayer2.extractor.ts.TsExtractor.MODE_SINGLE_PMT, com.vecore.base.exoplayer2.extractor.ts.TsExtractor.MODE_HLS}" />
    </annotation>
  </item>
</root>

