<?xml version="1.0" encoding="UTF-8"?>
<root>
  <item name="com.vecore.base.exoplayer2.extractor.DefaultTrackOutput void sampleMetadata(long, int, int, int, byte[]) 1">
    <annotation name="androidx.annotation.IntDef">
      <val name="flag" val="true" />
      <val name="value" val="{com.vecore.base.exoplayer2.C.BUFFER_FLAG_KEY_FRAME, com.vecore.base.exoplayer2.C.BUFFER_FLAG_END_OF_STREAM, com.vecore.base.exoplayer2.C.BUFFER_FLAG_ENCRYPTED, com.vecore.base.exoplayer2.C.BUFFER_FLAG_DECODE_ONLY}" />
    </annotation>
  </item>
  <item name="com.vecore.base.exoplayer2.extractor.DefaultTrackOutput.InfoQueue void commitSample(long, int, long, int, byte[]) 1">
    <annotation name="androidx.annotation.IntDef">
      <val name="flag" val="true" />
      <val name="value" val="{com.vecore.base.exoplayer2.C.BUFFER_FLAG_KEY_FRAME, com.vecore.base.exoplayer2.C.BUFFER_FLAG_END_OF_STREAM, com.vecore.base.exoplayer2.C.BUFFER_FLAG_ENCRYPTED, com.vecore.base.exoplayer2.C.BUFFER_FLAG_DECODE_ONLY}" />
    </annotation>
  </item>
  <item name="com.vecore.base.exoplayer2.extractor.DummyTrackOutput void sampleMetadata(long, int, int, int, byte[]) 1">
    <annotation name="androidx.annotation.IntDef">
      <val name="flag" val="true" />
      <val name="value" val="{com.vecore.base.exoplayer2.C.BUFFER_FLAG_KEY_FRAME, com.vecore.base.exoplayer2.C.BUFFER_FLAG_END_OF_STREAM, com.vecore.base.exoplayer2.C.BUFFER_FLAG_ENCRYPTED, com.vecore.base.exoplayer2.C.BUFFER_FLAG_DECODE_ONLY}" />
    </annotation>
  </item>
  <item name="com.vecore.base.exoplayer2.extractor.TrackOutput void sampleMetadata(long, int, int, int, byte[]) 1">
    <annotation name="androidx.annotation.IntDef">
      <val name="flag" val="true" />
      <val name="value" val="{com.vecore.base.exoplayer2.C.BUFFER_FLAG_KEY_FRAME, com.vecore.base.exoplayer2.C.BUFFER_FLAG_END_OF_STREAM, com.vecore.base.exoplayer2.C.BUFFER_FLAG_ENCRYPTED, com.vecore.base.exoplayer2.C.BUFFER_FLAG_DECODE_ONLY}" />
    </annotation>
  </item>
</root>

