{
    "textimg":{
        "ver" : "1",
        "text" : [
            {
                "name" : "ReplaceableText1.png",
                "width" : 666,
                "height" : 95,
                "textContent" : "嗨朋友你还好吗？",
                "textFont" : "MicrosoftYaHei-Bold",
                "fontSrc" : "MSYHBD.TTF",
                "maxNum" : 8,
                "lineNum" : 1,
                "alignment" : "left",
                "textColor" : [
                    0,
                    0,
                    0
                ],
                "alpha" : 1.0,
                "vertical" : 0,
                "textPadding": [
                    6,
                    6,
                    6,
                    6
                ],
                "fontSize" : 80,
                "bold" : 1,
                "italic" : 0,
                "strokeColor": [
                    255,
                    0,
                    0
                ],
                "singleline":1,
                "strokeWidth":0,
                "shadowColor": [
                    0,
                    0,
                    0
                ]
            },
            {
                "name" : "ReplaceableText2.png",
                "width" : 666,
                "height" : 127,
                "suggestion" : "很高兴见到你",
                "textFont" : "MicrosoftYaHei-Bold",
                "fontSrc" : "MSYHBD.TTF",
                "maxNum" : 6,
                "lineNum" : 1,
                "alignment" : "left",
                "textColor" : [
                    230,
                    0,
                    18
                ],
                "alpha" : 1.0,
                "vertical" : 0,
                "textPadding": [
                    6,
                    6,
                    6,
                    6
                ],
                "fontSize" :110,
                "bold" : 1,
                "italic" : 0,
                "strokeColor": [
                    255,
                    0,
                    0
                ],
                "singleline":1,
                "strokeWidth":0,
                "shadowColor": [
                    0,
                    0,
                    0
                ]
            },
            {
                "name" : "ReplaceableText3.png",
                "width" : 666,
                "height" : 171,
                "suggestion" : "我在这里",
                "textFont" : "MicrosoftYaHei-Bold",
                "fontSrc" : "MSYHBD.TTF",
                "maxNum" : 4,
                "lineNum" : 1,
                "alignment" : "left",
                "textColor" : [
                    0,
                    0,
                    0
                ],
                "alpha" : 1.0,
                "vertical" : 0,
                "textPadding": [
                    6,
                    6,
                    6,
                    6
                ],
                "fontSize" : 160,
                "bold" : 1,
                "italic" : 0,
                "strokeColor": [
                    255,
                    0,
                    0
                ],
                "singleline":1,
                "strokeWidth":0,
                "shadowColor": [
                    0,
                    0,
                    0
                ]
            },
            {
                "name" : "ReplaceableText4.png",
                "width" : 666,
                "height" : 142,
                "suggestion" : "你在哪儿呢",
                "textFont" : "MicrosoftYaHei-Bold",
                "fontSrc" : "MSYHBD.TTF",
                "maxNum" : 5,
                "lineNum" : 1,
                "alignment" : "left",
                "textColor" : [
                    230,
                    0,
                    18
                ],
                "alpha" : 1.0,
                "vertical" : 0,
                "textPadding": [
                    6,
                    6,
                    6,
                    6
                ],
                "fontSize" : 110,
                "bold" : 1,
                "italic" : 0,
                "strokeColor": [
                    255,
                    0,
                    0
                ],
                "singleline":1,
                "strokeWidth":0,
                "shadowColor": [
                    0,
                    0,
                    0
                ]
            },
            {
                "name" : "ReplaceableText5.png",
                "width" : 666,
                "height" : 227,
                "suggestion" : "天冷了",
                "textFont" : "MicrosoftYaHei-Bold",
                "fontSrc" : "MSYHBD.TTF",
                "maxNum" : 3,
                "lineNum" : 1,
                "alignment" : "left",
                "textColor" : [
                    0,
                    0,
                    0
                ],
                "alpha" : 1.0,
                "vertical" : 0,
                "textPadding": [
                    6,
                    6,
                    6,
                    6
                ],
                "fontSize" : 200,
                "bold" : 1,
                "italic" : 0,
                "strokeColor": [
                    255,
                    0,
                    0
                ],
                "singleline":1,
                "strokeWidth":0,
                "shadowColor": [
                    0,
                    0,
                    0
                ]
            },
            {
                "name" : "ReplaceableText6.png",
                "width" : 666,
                "height" : 337,
                "suggestion" : "记得",
                "textFont" : "MicrosoftYaHei-Bold",
                "fontSrc" : "MSYHBD.TTF",
                "maxNum" : 2,
                "lineNum" : 1,
                "alignment" : "left",
                "textColor" : [
                    230,
                    0,
                    18
                ],
                "alpha" : 1.0,
                "vertical" : 0,
                "textPadding": [
                    6,
                    6,
                    6,
                    6
                ],
                "fontSize" : 320,
                "bold" : 1,
                "italic" : 0,
                "strokeColor": [
                    255,
                    0,
                    0
                ],
                "singleline":1,
                "strokeWidth":0,
                "shadowColor": [
                    0,
                    0,
                    0
                ]
            },
            {
                "name" : "ReplaceableText7.png",
                "width" : 666,
                "height" : 229,
                "suggestion" : "穿厚点",
                "textFont" : "MicrosoftYaHei-Bold",
                "fontSrc" : "MSYHBD.TTF",
                "maxNum" : 3,
                "lineNum" : 1,
                "alignment" : "left",
                "textColor" : [
                    0,
                    0,
                    0
                ],
                "alpha" : 1.0,
                "vertical" : 0,
                "textPadding": [
                    6,
                    6,
                    6,
                    6
                ],
                "fontSize" : 200,
                "bold" : 1,
                "italic" : 0,
                "strokeColor": [
                    255,
                    0,
                    0
                ],
                "singleline":1,
                "strokeWidth":0,
                "shadowColor": [
                    0,
                    0,
                    0
                ]
            },
            {
                "name" : "ReplaceableText8.png",
                "width" : 667,
                "height" : 178,
                "suggestion" : "想喝酒了",
                "textFont" : "MicrosoftYaHei-Bold",
                "fontSrc" : "MSYHBD.TTF",
                "maxNum" : 4,
                "lineNum" : 1,
                "alignment" : "left",
                "textColor" : [
                    230,
                    0,
                    18
                ],
                "alpha" : 1.0,
                "vertical" : 0,
                "textPadding": [
                    6,
                    6,
                    6,
                    6
                ],
                "fontSize" : 150,
                "bold" : 1,
                "italic" : 0,
                "strokeColor": [
                    255,
                    0,
                    0
                ],
                "singleline":1,
                "strokeWidth":0,
                "shadowColor": [
                    0,
                    0,
                    0
                ]
            },
            {
                "name" : "ReplaceableText9.png",
                "width" : 667,
                "height" : 145,
                "suggestion" : "记得找我哦",
                "textFont" : "MicrosoftYaHei-Bold",
                "fontSrc" : "MSYHBD.TTF",
                "maxNum" : 5,
                "lineNum" : 1,
                "alignment" : "left",
                "textColor" : [
                    0,
                    0,
                    0
                ],
                "alpha" : 1.0,
                "vertical" : 0,
                "textPadding": [
                    6,
                    6,
                    6,
                    6
                ],
                "fontSize" : 130,
                "bold" : 1,
                "italic" : 0,
                "strokeColor": [
                    255,
                    0,
                    0
                ],
                "singleline":1,
                "strokeWidth":0,
                "shadowColor": [
                    0,
                    0,
                    0
                ]
            },
            {
                "name" : "ReplaceableText10.png",
                "width" : 666,
                "height" : 149,
                "suggestion" : "我随时都在",
                "textFont" : "MicrosoftYaHei-Bold",
                "fontSrc" : "MSYHBD.TTF",
                "maxNum" : 5,
                "lineNum" : 1,
                "alignment" : "left",
                "textColor" : [
                    230,
                    0,
                    18
                ],
                "alpha" : 1.0,
                "vertical" : 0,
                "textPadding": [
                    6,
                    6,
                    6,
                    6
                ],
                "fontSize" : 110,
                "bold" : 1,
                "italic" : 0,
                "strokeColor": [
                    255,
                    0,
                    0
                ],
                "singleline":1,
                "strokeWidth":0,
                "shadowColor": [
                    0,
                    0,
                    0
                ]
            }
        ]
    }, 
"v":"5.1.17","fr":30,"ip":0,"op":420,"w":852,"h":480,"nm":"16-9","ddd":0,"assets":[{"id":"image_0","w":666,"h":149,"u":"images/","p":"img_0.png","e":0},{"id":"image_1","w":666,"h":145,"u":"images/","p":"img_1.png","e":0},{"id":"image_2","w":667,"h":178,"u":"images/","p":"img_2.png","e":0},{"id":"image_3","w":666,"h":229,"u":"images/","p":"img_3.png","e":0},{"id":"image_4","w":666,"h":337,"u":"images/","p":"img_4.png","e":0},{"id":"image_5","w":666,"h":227,"u":"images/","p":"img_5.png","e":0},{"id":"image_6","w":666,"h":142,"u":"images/","p":"img_6.png","e":0},{"id":"image_7","w":666,"h":171,"u":"images/","p":"img_7.png","e":0},{"id":"image_8","w":666,"h":127,"u":"images/","p":"img_8.png","e":0},{"id":"image_9","w":666,"h":95,"u":"images/","p":"img_9.png","e":0},{"id":"comp_0","layers":[{"ddd":0,"ind":1,"ty":2,"nm":"ReplaceableText4.png","cl":"png","refId":"image_6","sr":1,"ks":{"o":{"a":0,"k":100,"ix":11},"r":{"a":0,"k":0,"ix":10},"p":{"a":1,"k":[{"i":{"x":0.833,"y":0.833},"o":{"x":0.167,"y":0.167},"n":"0p833_0p833_0p167_0p167","t":153,"s":[150.44,297.39,0],"e":[150.44,184.39,0],"to":[-9.47390342581232e-15,-18.8333339691162,0],"ti":[9.47390342581232e-15,18.8333339691162,0]},{"t":163}],"ix":2},"a":{"a":0,"k":[1,4,0],"ix":1},"s":{"a":1,"k":[{"i":{"x":[0.833,0.833,0.833],"y":[0.833,0.833,0.833]},"o":{"x":[0.167,0.167,0.167],"y":[0.167,0.167,0.167]},"n":["0p833_0p833_0p167_0p167","0p833_0p833_0p167_0p167","0p833_0p833_0p167_0p167"],"t":153,"s":[0,0,100],"e":[83,83,100]},{"t":163}],"ix":6}},"ao":0,"ip":153,"op":420,"st":0,"bm":0},{"ddd":0,"ind":2,"ty":2,"nm":"ReplaceableText3.png","cl":"png","refId":"image_7","sr":1,"ks":{"o":{"a":0,"k":100,"ix":11},"r":{"a":0,"k":0,"ix":10},"p":{"a":1,"k":[{"i":{"x":0.833,"y":0.833},"o":{"x":0.167,"y":0.167},"n":"0p833_0p833_0p167_0p167","t":110,"s":[149.22,296.9,0],"e":[149.22,174.9,0],"to":[0,-20.3333339691162,0],"ti":[0,20.3333339691162,0]},{"i":{"x":0.833,"y":0.833},"o":{"x":0.167,"y":0.167},"n":"0p833_0p833_0p167_0p167","t":120,"s":[149.22,174.9,0],"e":[149.22,174.9,0],"to":[0,0,0],"ti":[0,0,0]},{"i":{"x":0.833,"y":0.833},"o":{"x":0.167,"y":0.167},"n":"0p833_0p833_0p167_0p167","t":153,"s":[149.22,174.9,0],"e":[149.22,77.9,0],"to":[0,-16.1666660308838,0],"ti":[0,16.1666660308838,0]},{"t":163}],"ix":2},"a":{"a":0,"k":[3.5,8,0],"ix":1},"s":{"a":1,"k":[{"i":{"x":[0.833,0.833,0.833],"y":[0.833,0.833,0.833]},"o":{"x":[0.167,0.167,0.167],"y":[0.167,0.167,0.167]},"n":["0p833_0p833_0p167_0p167","0p833_0p833_0p167_0p167","0p833_0p833_0p167_0p167"],"t":110,"s":[0,0,100],"e":[84,84,100]},{"i":{"x":[0.833,0.833,0.833],"y":[0.833,0.833,0.833]},"o":{"x":[0.167,0.167,0.167],"y":[0.167,0.167,0.167]},"n":["0p833_0p833_0p167_0p167","0p833_0p833_0p167_0p167","0p833_0p833_0p167_0p167"],"t":120,"s":[84,84,100],"e":[84,84,100]},{"i":{"x":[0.833,0.833,0.833],"y":[0.833,0.833,0.833]},"o":{"x":[0.167,0.167,0.167],"y":[0.167,0.167,0.167]},"n":["0p833_0p833_0p167_0p167","0p833_0p833_0p167_0p167","0p833_0p833_0p167_0p167"],"t":153,"s":[84,84,100],"e":[58,58,100]},{"t":163}],"ix":6}},"ao":0,"ip":110,"op":420,"st":0,"bm":0},{"ddd":0,"ind":3,"ty":2,"nm":"ReplaceableText2.png","cl":"png","refId":"image_8","sr":1,"ks":{"o":{"a":0,"k":100,"ix":11},"r":{"a":1,"k":[{"i":{"x":[0.833],"y":[0.833]},"o":{"x":[0.167],"y":[0.167]},"n":["0p833_0p833_0p167_0p167"],"t":94,"s":[90],"e":[0]},{"t":103}],"ix":10},"p":{"a":1,"k":[{"i":{"x":0.833,"y":0.833},"o":{"x":0.167,"y":0.167},"n":"0p833_0p833_0p167_0p167","t":94,"s":[217,414,0],"e":[157,202,0],"to":[-10,-35.3333320617676,0],"ti":[10,35.3333320617676,0]},{"i":{"x":0.833,"y":0.833},"o":{"x":0.167,"y":0.167},"n":"0p833_0p833_0p167_0p167","t":103,"s":[157,202,0],"e":[157,202,0],"to":[0,0,0],"ti":[0,0,0]},{"i":{"x":0.833,"y":0.833},"o":{"x":0.167,"y":0.167},"n":"0p833_0p833_0p167_0p167","t":110,"s":[157,202,0],"e":[157,98,0],"to":[0,-17.3333339691162,0],"ti":[0,17.3333339691162,0]},{"i":{"x":0.833,"y":0.833},"o":{"x":0.167,"y":0.167},"n":"0p833_0p833_0p167_0p167","t":120,"s":[157,98,0],"e":[157,98,0],"to":[0,0,0],"ti":[0,0,0]},{"i":{"x":0.833,"y":0.833},"o":{"x":0.167,"y":0.167},"n":"0p833_0p833_0p167_0p167","t":153,"s":[157,98,0],"e":[157,34,0],"to":[0,-10.6666669845581,0],"ti":[0,10.6666669845581,0]},{"t":163}],"ix":2},"a":{"a":0,"k":[1.321,4.316,0],"ix":1},"s":{"a":1,"k":[{"i":{"x":[0.833,0.833,0.833],"y":[0.833,0.833,0.833]},"o":{"x":[0.167,0.167,0.167],"y":[0.167,0.167,0.167]},"n":["0p833_0p833_0p167_0p167","0p833_0p833_0p167_0p167","0p833_0p833_0p167_0p167"],"t":94,"s":[0,0,100],"e":[81.102,81.102,100]},{"i":{"x":[0.833,0.833,0.833],"y":[0.833,0.833,0.833]},"o":{"x":[0.167,0.167,0.167],"y":[0.167,0.167,0.167]},"n":["0p833_0p833_0p167_0p167","0p833_0p833_0p167_0p167","0p833_0p833_0p167_0p167"],"t":103,"s":[81.102,81.102,100],"e":[81.102,81.102,100]},{"i":{"x":[0.833,0.833,0.833],"y":[0.833,0.833,0.833]},"o":{"x":[0.167,0.167,0.167],"y":[0.167,0.167,0.167]},"n":["0p833_0p833_0p167_0p167","0p833_0p833_0p167_0p167","0p833_0p833_0p167_0p167"],"t":110,"s":[81.102,81.102,100],"e":[53.102,53.102,100]},{"i":{"x":[0.833,0.833,0.833],"y":[0.833,0.833,0.833]},"o":{"x":[0.167,0.167,0.167],"y":[0.167,0.167,0.167]},"n":["0p833_0p833_0p167_0p167","0p833_0p833_0p167_0p167","0p833_0p833_0p167_0p167"],"t":120,"s":[53.102,53.102,100],"e":[53.102,53.102,100]},{"i":{"x":[0.833,0.833,0.833],"y":[0.833,0.833,0.833]},"o":{"x":[0.167,0.167,0.167],"y":[0.167,0.167,0.167]},"n":["0p833_0p833_0p167_0p167","0p833_0p833_0p167_0p167","0p833_0p833_0p167_0p167"],"t":153,"s":[53.102,53.102,100],"e":[27.102,27.102,100]},{"t":163}],"ix":6}},"ao":0,"ip":94,"op":420,"st":0,"bm":0},{"ddd":0,"ind":4,"ty":2,"nm":"ReplaceableText1.png","cl":"png","refId":"image_9","sr":1,"ks":{"o":{"a":0,"k":100,"ix":11},"r":{"a":1,"k":[{"i":{"x":[0.833],"y":[0.833]},"o":{"x":[0.167],"y":[0.167]},"n":["0p833_0p833_0p167_0p167"],"t":94,"s":[0],"e":[-90]},{"t":103}],"ix":10},"p":{"a":1,"k":[{"i":{"x":0.833,"y":0.833},"o":{"x":0.167,"y":0.167},"n":"0p833_0p833_0p167_0p167","t":94,"s":[121,203,0],"e":[68,290,0],"to":[-8.83333301544189,14.5,0],"ti":[8.83333301544189,-14.5,0]},{"i":{"x":0.833,"y":0.833},"o":{"x":0.167,"y":0.167},"n":"0p833_0p833_0p167_0p167","t":103,"s":[68,290,0],"e":[68,290,0],"to":[0,0,0],"ti":[0,0,0]},{"i":{"x":0.833,"y":0.833},"o":{"x":0.167,"y":0.167},"n":"0p833_0p833_0p167_0p167","t":110,"s":[68,290,0],"e":[91,161,0],"to":[3.83333325386047,-21.5,0],"ti":[-3.83333325386047,21.5,0]},{"i":{"x":0.833,"y":0.833},"o":{"x":0.167,"y":0.167},"n":"0p833_0p833_0p167_0p167","t":120,"s":[91,161,0],"e":[91,161,0],"to":[0,0,0],"ti":[0,0,0]},{"i":{"x":0.833,"y":0.833},"o":{"x":0.167,"y":0.167},"n":"0p833_0p833_0p167_0p167","t":153,"s":[91,161,0],"e":[112,71,0],"to":[3.5,-15,0],"ti":[-3.5,15,0]},{"t":163}],"ix":2},"a":{"a":0,"k":[2.169,7.366,0],"ix":1},"s":{"a":1,"k":[{"i":{"x":[0.833,0.833,0.833],"y":[0.833,0.833,0.833]},"o":{"x":[0.167,0.167,0.167],"y":[0.167,0.167,0.167]},"n":["0p833_0p833_0p167_0p167","0p833_0p833_0p167_0p167","0p833_0p833_0p167_0p167"],"t":110,"s":[92.192,92.192,100],"e":[64.192,64.192,100]},{"i":{"x":[0.833,0.833,0.833],"y":[0.833,0.833,0.833]},"o":{"x":[0.167,0.167,0.167],"y":[0.167,0.167,0.167]},"n":["0p833_0p833_0p167_0p167","0p833_0p833_0p167_0p167","0p833_0p833_0p167_0p167"],"t":120,"s":[64.192,64.192,100],"e":[64.192,64.192,100]},{"i":{"x":[0.833,0.833,0.833],"y":[0.833,0.833,0.833]},"o":{"x":[0.167,0.167,0.167],"y":[0.167,0.167,0.167]},"n":["0p833_0p833_0p167_0p167","0p833_0p833_0p167_0p167","0p833_0p833_0p167_0p167"],"t":153,"s":[64.192,64.192,100],"e":[38.192,38.192,100]},{"t":163}],"ix":6}},"ao":0,"ip":2,"op":420,"st":0,"bm":0}]}],"layers":[{"ddd":0,"ind":1,"ty":2,"nm":"ReplaceableText10.png","cl":"png","refId":"image_0","sr":1,"ks":{"o":{"a":0,"k":100,"ix":11},"r":{"a":0,"k":0,"ix":10},"p":{"a":1,"k":[{"i":{"x":0.833,"y":0.833},"o":{"x":0.167,"y":0.167},"n":"0p833_0p833_0p167_0p167","t":385,"s":[153,319,0],"e":[153,185,0],"to":[0,-22.3333339691162,0],"ti":[0,22.3333339691162,0]},{"t":395}],"ix":2},"a":{"a":0,"k":[0.073,7.427,0],"ix":1},"s":{"a":1,"k":[{"i":{"x":[0.833,0.833,0.833],"y":[0.833,0.833,0.833]},"o":{"x":[0.167,0.167,0.167],"y":[0.167,0.167,0.167]},"n":["0p833_0p833_0p167_0p167","0p833_0p833_0p167_0p167","0p833_0p833_0p167_0p167"],"t":385,"s":[0,0,100],"e":[82,82,100]},{"t":395}],"ix":6}},"ao":0,"ip":385,"op":420,"st":0,"bm":0},{"ddd":0,"ind":2,"ty":2,"nm":"ReplaceableText9.png","cl":"png","refId":"image_1","sr":1,"ks":{"o":{"a":0,"k":100,"ix":11},"r":{"a":0,"k":0,"ix":10},"p":{"a":1,"k":[{"i":{"x":0.833,"y":0.833},"o":{"x":0.167,"y":0.167},"n":"0p833_0p833_0p167_0p167","t":341,"s":[152,303,0],"e":[152,187,0],"to":[9.47390342581232e-15,-19.3333339691162,0],"ti":[-9.47390342581232e-15,19.3333339691162,0]},{"i":{"x":0.833,"y":0.833},"o":{"x":0.167,"y":0.167},"n":"0p833_0p833_0p167_0p167","t":351,"s":[152,187,0],"e":[152,187,0],"to":[0,0,0],"ti":[0,0,0]},{"i":{"x":0.833,"y":0.833},"o":{"x":0.167,"y":0.167},"n":"0p833_0p833_0p167_0p167","t":385,"s":[152,187,0],"e":[152,96,0],"to":[0,-15.1666669845581,0],"ti":[0,15.1666669845581,0]},{"t":395}],"ix":2},"a":{"a":0,"k":[-1.146,7.866,0],"ix":1},"s":{"a":1,"k":[{"i":{"x":[0.833,0.833,0.833],"y":[0.833,0.833,0.833]},"o":{"x":[0.167,0.167,0.167],"y":[0.167,0.167,0.167]},"n":["0p833_0p833_0p167_0p167","0p833_0p833_0p167_0p167","0p833_0p833_0p167_0p167"],"t":341,"s":[0,0,100],"e":[82,82,100]},{"i":{"x":[0.833,0.833,0.833],"y":[0.833,0.833,0.833]},"o":{"x":[0.167,0.167,0.167],"y":[0.167,0.167,0.167]},"n":["0p833_0p833_0p167_0p167","0p833_0p833_0p167_0p167","0p833_0p833_0p167_0p167"],"t":351,"s":[82,82,100],"e":[82,82,100]},{"i":{"x":[0.833,0.833,0.833],"y":[0.833,0.833,0.833]},"o":{"x":[0.167,0.167,0.167],"y":[0.167,0.167,0.167]},"n":["0p833_0p833_0p167_0p167","0p833_0p833_0p167_0p167","0p833_0p833_0p167_0p167"],"t":385,"s":[82,82,100],"e":[54,54,100]},{"t":395}],"ix":6}},"ao":0,"ip":341,"op":420,"st":0,"bm":0},{"ddd":0,"ind":3,"ty":2,"nm":"ReplaceableText8.png","cl":"png","refId":"image_2","sr":1,"ks":{"o":{"a":0,"k":100,"ix":11},"r":{"a":0,"k":0,"ix":10},"p":{"a":1,"k":[{"i":{"x":0.833,"y":0.833},"o":{"x":0.167,"y":0.167},"n":"0p833_0p833_0p167_0p167","t":299,"s":[159,302.5,0],"e":[159,175.5,0],"to":[0,-21.1666660308838,0],"ti":[0,21.1666660308838,0]},{"i":{"x":0.833,"y":0.833},"o":{"x":0.167,"y":0.167},"n":"0p833_0p833_0p167_0p167","t":309,"s":[159,175.5,0],"e":[159,175.5,0],"to":[0,0,0],"ti":[0,0,0]},{"i":{"x":0.833,"y":0.833},"o":{"x":0.167,"y":0.167},"n":"0p833_0p833_0p167_0p167","t":341,"s":[159,175.5,0],"e":[159,-48.5,0],"to":[0,-37.3333320617676,0],"ti":[0,37.3333320617676,0]},{"i":{"x":0.833,"y":0.833},"o":{"x":0.167,"y":0.167},"n":"0p833_0p833_0p167_0p167","t":351,"s":[159,-48.5,0],"e":[159,-48.5,0],"to":[0,0,0],"ti":[0,0,0]},{"i":{"x":0.833,"y":0.833},"o":{"x":0.167,"y":0.167},"n":"0p833_0p833_0p167_0p167","t":385,"s":[159,-48.5,0],"e":[159,-87.5,0],"to":[0,-6.5,0],"ti":[0,6.5,0]},{"t":395}],"ix":2},"a":{"a":0,"k":[7.401,10.341,0],"ix":1},"s":{"a":1,"k":[{"i":{"x":[0.833,0.833,0.833],"y":[0.833,0.833,0.833]},"o":{"x":[0.167,0.167,0.167],"y":[0.167,0.167,0.167]},"n":["0p833_0p833_0p167_0p167","0p833_0p833_0p167_0p167","0p833_0p833_0p167_0p167"],"t":299,"s":[0,0,100],"e":[82,82,100]},{"i":{"x":[0.833,0.833,0.833],"y":[0.833,0.833,0.833]},"o":{"x":[0.167,0.167,0.167],"y":[0.167,0.167,0.167]},"n":["0p833_0p833_0p167_0p167","0p833_0p833_0p167_0p167","0p833_0p833_0p167_0p167"],"t":309,"s":[82,82,100],"e":[82,82,100]},{"i":{"x":[0.833,0.833,0.833],"y":[0.833,0.833,0.833]},"o":{"x":[0.167,0.167,0.167],"y":[0.167,0.167,0.167]},"n":["0p833_0p833_0p167_0p167","0p833_0p833_0p167_0p167","0p833_0p833_0p167_0p167"],"t":341,"s":[82,82,100],"e":[132,132,100]},{"i":{"x":[0.833,0.833,0.833],"y":[0.833,0.833,0.833]},"o":{"x":[0.167,0.167,0.167],"y":[0.167,0.167,0.167]},"n":["0p833_0p833_0p167_0p167","0p833_0p833_0p167_0p167","0p833_0p833_0p167_0p167"],"t":351,"s":[132,132,100],"e":[132,132,100]},{"i":{"x":[0.833,0.833,0.833],"y":[0.833,0.833,0.833]},"o":{"x":[0.167,0.167,0.167],"y":[0.167,0.167,0.167]},"n":["0p833_0p833_0p167_0p167","0p833_0p833_0p167_0p167","0p833_0p833_0p167_0p167"],"t":385,"s":[132,132,100],"e":[104,104,100]},{"t":395}],"ix":6}},"ao":0,"ip":299,"op":420,"st":0,"bm":0},{"ddd":0,"ind":4,"ty":2,"nm":"ReplaceableText7.png","cl":"png","refId":"image_3","sr":1,"ks":{"o":{"a":0,"k":100,"ix":11},"r":{"a":0,"k":0,"ix":10},"p":{"a":1,"k":[{"i":{"x":0.833,"y":0.833},"o":{"x":0.167,"y":0.167},"n":"0p833_0p833_0p167_0p167","t":254,"s":[173,272,0],"e":[173,156,0],"to":[0,-19.3333339691162,0],"ti":[0,19.3333339691162,0]},{"i":{"x":0.833,"y":0.833},"o":{"x":0.167,"y":0.167},"n":"0p833_0p833_0p167_0p167","t":262,"s":[173,156,0],"e":[173,156,0],"to":[0,0,0],"ti":[0,0,0]},{"i":{"x":0.833,"y":0.833},"o":{"x":0.167,"y":0.167},"n":"0p833_0p833_0p167_0p167","t":299,"s":[173,156,0],"e":[160,34,0],"to":[-2.16666674613953,-20.3333339691162,0],"ti":[2.16666674613953,20.3333339691162,0]},{"i":{"x":0.833,"y":0.833},"o":{"x":0.167,"y":0.167},"n":"0p833_0p833_0p167_0p167","t":309,"s":[160,34,0],"e":[160,34,0],"to":[0,0,0],"ti":[0,0,0]},{"i":{"x":0.833,"y":0.833},"o":{"x":0.167,"y":0.167},"n":"0p833_0p833_0p167_0p167","t":341,"s":[160,34,0],"e":[160,-326,0],"to":[0,-60,0],"ti":[0,60,0]},{"i":{"x":0.833,"y":0.833},"o":{"x":0.167,"y":0.167},"n":"0p833_0p833_0p167_0p167","t":351,"s":[160,-326,0],"e":[160,-326,0],"to":[0,0,0],"ti":[0,0,0]},{"i":{"x":0.833,"y":0.833},"o":{"x":0.167,"y":0.167},"n":"0p833_0p833_0p167_0p167","t":385,"s":[160,-326,0],"e":[160,-297,0],"to":[0,4.83333349227905,0],"ti":[0,-4.83333349227905,0]},{"t":395}],"ix":2},"a":{"a":0,"k":[8.641,6.808,0],"ix":1},"s":{"a":1,"k":[{"i":{"x":[0.833,0.833,0.833],"y":[0.833,0.833,0.833]},"o":{"x":[0.167,0.167,0.167],"y":[0.167,0.167,0.167]},"n":["0p833_0p833_0p167_0p167","0p833_0p833_0p167_0p167","0p833_0p833_0p167_0p167"],"t":254,"s":[0,0,100],"e":[78,78,100]},{"i":{"x":[0.833,0.833,0.833],"y":[0.833,0.833,0.833]},"o":{"x":[0.167,0.167,0.167],"y":[0.167,0.167,0.167]},"n":["0p833_0p833_0p167_0p167","0p833_0p833_0p167_0p167","0p833_0p833_0p167_0p167"],"t":262,"s":[78,78,100],"e":[78,78,100]},{"i":{"x":[0.833,0.833,0.833],"y":[0.833,0.833,0.833]},"o":{"x":[0.167,0.167,0.167],"y":[0.167,0.167,0.167]},"n":["0p833_0p833_0p167_0p167","0p833_0p833_0p167_0p167","0p833_0p833_0p167_0p167"],"t":299,"s":[78,78,100],"e":[56,56,100]},{"i":{"x":[0.833,0.833,0.833],"y":[0.833,0.833,0.833]},"o":{"x":[0.167,0.167,0.167],"y":[0.167,0.167,0.167]},"n":["0p833_0p833_0p167_0p167","0p833_0p833_0p167_0p167","0p833_0p833_0p167_0p167"],"t":309,"s":[56,56,100],"e":[56,56,100]},{"i":{"x":[0.833,0.833,0.833],"y":[0.833,0.833,0.833]},"o":{"x":[0.167,0.167,0.167],"y":[0.167,0.167,0.167]},"n":["0p833_0p833_0p167_0p167","0p833_0p833_0p167_0p167","0p833_0p833_0p167_0p167"],"t":341,"s":[56,56,100],"e":[106,106,100]},{"i":{"x":[0.833,0.833,0.833],"y":[0.833,0.833,0.833]},"o":{"x":[0.167,0.167,0.167],"y":[0.167,0.167,0.167]},"n":["0p833_0p833_0p167_0p167","0p833_0p833_0p167_0p167","0p833_0p833_0p167_0p167"],"t":351,"s":[106,106,100],"e":[106,106,100]},{"i":{"x":[0.833,0.833,0.833],"y":[0.833,0.833,0.833]},"o":{"x":[0.167,0.167,0.167],"y":[0.167,0.167,0.167]},"n":["0p833_0p833_0p167_0p167","0p833_0p833_0p167_0p167","0p833_0p833_0p167_0p167"],"t":385,"s":[106,106,100],"e":[78,78,100]},{"t":395}],"ix":6}},"ao":0,"ip":254,"op":420,"st":0,"bm":0},{"ddd":0,"ind":5,"ty":2,"nm":"ReplaceableText6.png","cl":"png","refId":"image_4","sr":1,"ks":{"o":{"a":0,"k":100,"ix":11},"r":{"a":0,"k":0,"ix":10},"p":{"a":1,"k":[{"i":{"x":0.833,"y":0.833},"o":{"x":0.167,"y":0.167},"n":"0p833_0p833_0p167_0p167","t":231,"s":[160,293.5,0],"e":[160,153.5,0],"to":[0,-23.3333339691162,0],"ti":[0,23.3333339691162,0]},{"i":{"x":0.833,"y":0.833},"o":{"x":0.167,"y":0.167},"n":"0p833_0p833_0p167_0p167","t":241,"s":[160,153.5,0],"e":[160,153.5,0],"to":[0,0,0],"ti":[0,0,0]},{"i":{"x":0.833,"y":0.833},"o":{"x":0.167,"y":0.167},"n":"0p833_0p833_0p167_0p167","t":254,"s":[160,153.5,0],"e":[160,10.5,0],"to":[0,-23.8333339691162,0],"ti":[0,23.8333339691162,0]},{"i":{"x":0.833,"y":0.833},"o":{"x":0.167,"y":0.167},"n":"0p833_0p833_0p167_0p167","t":262,"s":[160,10.5,0],"e":[160,10.5,0],"to":[0,0,0],"ti":[0,0,0]},{"i":{"x":0.833,"y":0.833},"o":{"x":0.167,"y":0.167},"n":"0p833_0p833_0p167_0p167","t":299,"s":[160,10.5,0],"e":[162,-31.5,0],"to":[0.33333334326744,-7,0],"ti":[-0.33333334326744,7,0]},{"i":{"x":0.833,"y":0.833},"o":{"x":0.167,"y":0.167},"n":"0p833_0p833_0p167_0p167","t":309,"s":[162,-31.5,0],"e":[162,-31.5,0],"to":[0,0,0],"ti":[0,0,0]},{"i":{"x":0.833,"y":0.833},"o":{"x":0.167,"y":0.167},"n":"0p833_0p833_0p167_0p167","t":341,"s":[162,-31.5,0],"e":[162,-575.5,0],"to":[0,-90.6666641235352,0],"ti":[0,90.6666641235352,0]},{"i":{"x":0.833,"y":0.833},"o":{"x":0.167,"y":0.167},"n":"0p833_0p833_0p167_0p167","t":351,"s":[162,-575.5,0],"e":[162,-575.5,0],"to":[0,0,0],"ti":[0,0,0]},{"i":{"x":0.833,"y":0.833},"o":{"x":0.167,"y":0.167},"n":"0p833_0p833_0p167_0p167","t":385,"s":[162,-575.5,0],"e":[162,-446.5,0],"to":[0,21.5,0],"ti":[0,-21.5,0]},{"t":395}],"ix":2},"a":{"a":0,"k":[3.37,8.315,0],"ix":1},"s":{"a":1,"k":[{"i":{"x":[0.833,0.833,0.833],"y":[0.833,0.833,0.833]},"o":{"x":[0.167,0.167,0.167],"y":[0.167,0.167,0.167]},"n":["0p833_0p833_0p167_0p167","0p833_0p833_0p167_0p167","0p833_0p833_0p167_0p167"],"t":231,"s":[0,0,100],"e":[54,54,100]},{"i":{"x":[0.833,0.833,0.833],"y":[0.833,0.833,0.833]},"o":{"x":[0.167,0.167,0.167],"y":[0.167,0.167,0.167]},"n":["0p833_0p833_0p167_0p167","0p833_0p833_0p167_0p167","0p833_0p833_0p167_0p167"],"t":241,"s":[54,54,100],"e":[54,54,100]},{"i":{"x":[0.833,0.833,0.833],"y":[0.833,0.833,0.833]},"o":{"x":[0.167,0.167,0.167],"y":[0.167,0.167,0.167]},"n":["0p833_0p833_0p167_0p167","0p833_0p833_0p167_0p167","0p833_0p833_0p167_0p167"],"t":254,"s":[54,54,100],"e":[37,37,100]},{"i":{"x":[0.833,0.833,0.833],"y":[0.833,0.833,0.833]},"o":{"x":[0.167,0.167,0.167],"y":[0.167,0.167,0.167]},"n":["0p833_0p833_0p167_0p167","0p833_0p833_0p167_0p167","0p833_0p833_0p167_0p167"],"t":262,"s":[37,37,100],"e":[37,37,100]},{"i":{"x":[0.833,0.833,0.833],"y":[0.833,0.833,0.833]},"o":{"x":[0.167,0.167,0.167],"y":[0.167,0.167,0.167]},"n":["0p833_0p833_0p167_0p167","0p833_0p833_0p167_0p167","0p833_0p833_0p167_0p167"],"t":299,"s":[37,37,100],"e":[15,15,100]},{"i":{"x":[0.833,0.833,0.833],"y":[0.833,0.833,0.833]},"o":{"x":[0.167,0.167,0.167],"y":[0.167,0.167,0.167]},"n":["0p833_0p833_0p167_0p167","0p833_0p833_0p167_0p167","0p833_0p833_0p167_0p167"],"t":309,"s":[15,15,100],"e":[15,15,100]},{"i":{"x":[0.833,0.833,0.833],"y":[0.833,0.833,0.833]},"o":{"x":[0.167,0.167,0.167],"y":[0.167,0.167,0.167]},"n":["0p833_0p833_0p167_0p167","0p833_0p833_0p167_0p167","0p833_0p833_0p167_0p167"],"t":341,"s":[15,15,100],"e":[65,65,100]},{"i":{"x":[0.833,0.833,0.833],"y":[0.833,0.833,0.833]},"o":{"x":[0.167,0.167,0.167],"y":[0.167,0.167,0.167]},"n":["0p833_0p833_0p167_0p167","0p833_0p833_0p167_0p167","0p833_0p833_0p167_0p167"],"t":351,"s":[65,65,100],"e":[65,65,100]},{"i":{"x":[0.833,0.833,0.833],"y":[0.833,0.833,0.833]},"o":{"x":[0.167,0.167,0.167],"y":[0.167,0.167,0.167]},"n":["0p833_0p833_0p167_0p167","0p833_0p833_0p167_0p167","0p833_0p833_0p167_0p167"],"t":385,"s":[65,65,100],"e":[37,37,100]},{"t":395}],"ix":6}},"ao":0,"ip":231,"op":420,"st":0,"bm":0},{"ddd":0,"ind":6,"ty":2,"nm":"ReplaceableText5.png","cl":"png","refId":"image_5","sr":1,"ks":{"o":{"a":0,"k":100,"ix":11},"r":{"a":1,"k":[{"i":{"x":[0.833],"y":[0.833]},"o":{"x":[0.167],"y":[0.167]},"n":["0p833_0p833_0p167_0p167"],"t":208,"s":[-90],"e":[0]},{"t":218}],"ix":10},"p":{"a":1,"k":[{"i":{"x":0.833,"y":0.833},"o":{"x":0.167,"y":0.167},"n":"0p833_0p833_0p167_0p167","t":231,"s":[688,325,0],"e":[987,121,0],"to":[49.8333320617676,-34,0],"ti":[-49.8333320617676,34,0]},{"i":{"x":0.833,"y":0.833},"o":{"x":0.167,"y":0.167},"n":"0p833_0p833_0p167_0p167","t":241,"s":[987,121,0],"e":[987,121,0],"to":[0,0,0],"ti":[0,0,0]},{"i":{"x":0.833,"y":0.833},"o":{"x":0.167,"y":0.167},"n":"0p833_0p833_0p167_0p167","t":254,"s":[987,121,0],"e":[890,-22,0],"to":[-16.1666660308838,-23.8333339691162,0],"ti":[16.1666660308838,23.8333339691162,0]},{"i":{"x":0.833,"y":0.833},"o":{"x":0.167,"y":0.167},"n":"0p833_0p833_0p167_0p167","t":262,"s":[890,-22,0],"e":[890,-22,0],"to":[0,0,0],"ti":[0,0,0]},{"i":{"x":0.833,"y":0.833},"o":{"x":0.167,"y":0.167},"n":"0p833_0p833_0p167_0p167","t":299,"s":[890,-22,0],"e":[748,-64,0],"to":[-23.6666660308838,-7,0],"ti":[23.6666660308838,7,0]},{"i":{"x":0.833,"y":0.833},"o":{"x":0.167,"y":0.167},"n":"0p833_0p833_0p167_0p167","t":309,"s":[748,-64,0],"e":[748,-64,0],"to":[0,0,0],"ti":[0,0,0]},{"i":{"x":0.833,"y":0.833},"o":{"x":0.167,"y":0.167},"n":"0p833_0p833_0p167_0p167","t":341,"s":[748,-64,0],"e":[1062,-620,0],"to":[52.3333320617676,-92.6666641235352,0],"ti":[-52.3333320617676,92.6666641235352,0]},{"i":{"x":0.833,"y":0.833},"o":{"x":0.167,"y":0.167},"n":"0p833_0p833_0p167_0p167","t":351,"s":[1062,-620,0],"e":[1062,-620,0],"to":[0,0,0],"ti":[0,0,0]},{"i":{"x":0.833,"y":0.833},"o":{"x":0.167,"y":0.167},"n":"0p833_0p833_0p167_0p167","t":385,"s":[1062,-620,0],"e":[890,-491,0],"to":[-28.6666660308838,21.5,0],"ti":[28.6666660308838,-21.5,0]},{"t":395}],"ix":2},"a":{"a":0,"k":[652.512,217.159,0],"ix":1},"s":{"a":1,"k":[{"i":{"x":[0.833,0.833,0.833],"y":[0.833,0.833,0.833]},"o":{"x":[0.167,0.167,0.167],"y":[0.167,0.167,0.167]},"n":["0p833_0p833_0p167_0p167","0p833_0p833_0p167_0p167","0p833_0p833_0p167_0p167"],"t":208,"s":[0,0,100],"e":[82,82,100]},{"i":{"x":[0.833,0.833,0.833],"y":[0.833,0.833,0.833]},"o":{"x":[0.167,0.167,0.167],"y":[0.167,0.167,0.167]},"n":["0p833_0p833_0p167_0p167","0p833_0p833_0p167_0p167","0p833_0p833_0p167_0p167"],"t":218,"s":[82,82,100],"e":[82,82,100]},{"i":{"x":[0.833,0.833,0.833],"y":[0.833,0.833,0.833]},"o":{"x":[0.167,0.167,0.167],"y":[0.167,0.167,0.167]},"n":["0p833_0p833_0p167_0p167","0p833_0p833_0p167_0p167","0p833_0p833_0p167_0p167"],"t":231,"s":[82,82,100],"e":[129,129,100]},{"i":{"x":[0.833,0.833,0.833],"y":[0.833,0.833,0.833]},"o":{"x":[0.167,0.167,0.167],"y":[0.167,0.167,0.167]},"n":["0p833_0p833_0p167_0p167","0p833_0p833_0p167_0p167","0p833_0p833_0p167_0p167"],"t":241,"s":[129,129,100],"e":[129,129,100]},{"i":{"x":[0.833,0.833,0.833],"y":[0.833,0.833,0.833]},"o":{"x":[0.167,0.167,0.167],"y":[0.167,0.167,0.167]},"n":["0p833_0p833_0p167_0p167","0p833_0p833_0p167_0p167","0p833_0p833_0p167_0p167"],"t":254,"s":[129,129,100],"e":[112,112,100]},{"i":{"x":[0.833,0.833,0.833],"y":[0.833,0.833,0.833]},"o":{"x":[0.167,0.167,0.167],"y":[0.167,0.167,0.167]},"n":["0p833_0p833_0p167_0p167","0p833_0p833_0p167_0p167","0p833_0p833_0p167_0p167"],"t":262,"s":[112,112,100],"e":[112,112,100]},{"i":{"x":[0.833,0.833,0.833],"y":[0.833,0.833,0.833]},"o":{"x":[0.167,0.167,0.167],"y":[0.167,0.167,0.167]},"n":["0p833_0p833_0p167_0p167","0p833_0p833_0p167_0p167","0p833_0p833_0p167_0p167"],"t":299,"s":[112,112,100],"e":[90,90,100]},{"i":{"x":[0.833,0.833,0.833],"y":[0.833,0.833,0.833]},"o":{"x":[0.167,0.167,0.167],"y":[0.167,0.167,0.167]},"n":["0p833_0p833_0p167_0p167","0p833_0p833_0p167_0p167","0p833_0p833_0p167_0p167"],"t":309,"s":[90,90,100],"e":[90,90,100]},{"i":{"x":[0.833,0.833,0.833],"y":[0.833,0.833,0.833]},"o":{"x":[0.167,0.167,0.167],"y":[0.167,0.167,0.167]},"n":["0p833_0p833_0p167_0p167","0p833_0p833_0p167_0p167","0p833_0p833_0p167_0p167"],"t":341,"s":[90,90,100],"e":[140,140,100]},{"i":{"x":[0.833,0.833,0.833],"y":[0.833,0.833,0.833]},"o":{"x":[0.167,0.167,0.167],"y":[0.167,0.167,0.167]},"n":["0p833_0p833_0p167_0p167","0p833_0p833_0p167_0p167","0p833_0p833_0p167_0p167"],"t":351,"s":[140,140,100],"e":[140,140,100]},{"i":{"x":[0.833,0.833,0.833],"y":[0.833,0.833,0.833]},"o":{"x":[0.167,0.167,0.167],"y":[0.167,0.167,0.167]},"n":["0p833_0p833_0p167_0p167","0p833_0p833_0p167_0p167","0p833_0p833_0p167_0p167"],"t":385,"s":[140,140,100],"e":[112,112,100]},{"t":395}],"ix":6}},"ao":0,"ip":208,"op":420,"st":0,"bm":0},{"ddd":0,"ind":7,"ty":0,"nm":"16-9-a","refId":"comp_0","sr":1,"ks":{"o":{"a":0,"k":100,"ix":11},"r":{"a":1,"k":[{"i":{"x":[0.833],"y":[0.833]},"o":{"x":[0.167],"y":[0.167]},"n":["0p833_0p833_0p167_0p167"],"t":208,"s":[0],"e":[90]},{"t":218}],"ix":10},"p":{"a":1,"k":[{"i":{"x":0.833,"y":0.833},"o":{"x":0.167,"y":0.167},"n":"0p833_0p833_0p167_0p167","t":208,"s":[708,296,0],"e":[708,344,0],"to":[0,8,0],"ti":[0,-8,0]},{"i":{"x":0.833,"y":0.833},"o":{"x":0.167,"y":0.167},"n":"0p833_0p833_0p167_0p167","t":218,"s":[708,344,0],"e":[708,344,0],"to":[0,0,0],"ti":[0,0,0]},{"i":{"x":0.833,"y":0.833},"o":{"x":0.167,"y":0.167},"n":"0p833_0p833_0p167_0p167","t":231,"s":[708,344,0],"e":[1007,140,0],"to":[49.8333320617676,-34,0],"ti":[-49.8333320617676,34,0]},{"i":{"x":0.833,"y":0.833},"o":{"x":0.167,"y":0.167},"n":"0p833_0p833_0p167_0p167","t":241,"s":[1007,140,0],"e":[1007,140,0],"to":[0,0,0],"ti":[0,0,0]},{"i":{"x":0.833,"y":0.833},"o":{"x":0.167,"y":0.167},"n":"0p833_0p833_0p167_0p167","t":254,"s":[1007,140,0],"e":[910,-3,0],"to":[-16.1666660308838,-23.8333339691162,0],"ti":[16.1666660308838,23.8333339691162,0]},{"i":{"x":0.833,"y":0.833},"o":{"x":0.167,"y":0.167},"n":"0p833_0p833_0p167_0p167","t":262,"s":[910,-3,0],"e":[910,-3,0],"to":[0,0,0],"ti":[0,0,0]},{"i":{"x":0.833,"y":0.833},"o":{"x":0.167,"y":0.167},"n":"0p833_0p833_0p167_0p167","t":299,"s":[910,-3,0],"e":[768,-45,0],"to":[-23.6666660308838,-7,0],"ti":[23.6666660308838,7,0]},{"i":{"x":0.833,"y":0.833},"o":{"x":0.167,"y":0.167},"n":"0p833_0p833_0p167_0p167","t":309,"s":[768,-45,0],"e":[768,-45,0],"to":[0,0,0],"ti":[0,0,0]},{"i":{"x":0.833,"y":0.833},"o":{"x":0.167,"y":0.167},"n":"0p833_0p833_0p167_0p167","t":341,"s":[768,-45,0],"e":[1082,-601,0],"to":[52.3333320617676,-92.6666641235352,0],"ti":[-52.3333320617676,92.6666641235352,0]},{"i":{"x":0.833,"y":0.833},"o":{"x":0.167,"y":0.167},"n":"0p833_0p833_0p167_0p167","t":351,"s":[1082,-601,0],"e":[1082,-601,0],"to":[0,0,0],"ti":[0,0,0]},{"i":{"x":0.833,"y":0.833},"o":{"x":0.167,"y":0.167},"n":"0p833_0p833_0p167_0p167","t":385,"s":[1082,-601,0],"e":[910,-472,0],"to":[-28.6666660308838,21.5,0],"ti":[28.6666660308838,-21.5,0]},{"t":395}],"ix":2},"a":{"a":0,"k":[708,296,0],"ix":1},"s":{"a":1,"k":[{"i":{"x":[0.833,0.833,0.833],"y":[0.833,0.833,0.833]},"o":{"x":[0.167,0.167,0.167],"y":[0.167,0.167,0.167]},"n":["0p833_0p833_0p167_0p167","0p833_0p833_0p167_0p167","0p833_0p833_0p167_0p167"],"t":231,"s":[100,100,100],"e":[147,147,100]},{"i":{"x":[0.833,0.833,0.833],"y":[0.833,0.833,0.833]},"o":{"x":[0.167,0.167,0.167],"y":[0.167,0.167,0.167]},"n":["0p833_0p833_0p167_0p167","0p833_0p833_0p167_0p167","0p833_0p833_0p167_0p167"],"t":241,"s":[147,147,100],"e":[147,147,100]},{"i":{"x":[0.833,0.833,0.833],"y":[0.833,0.833,0.833]},"o":{"x":[0.167,0.167,0.167],"y":[0.167,0.167,0.167]},"n":["0p833_0p833_0p167_0p167","0p833_0p833_0p167_0p167","0p833_0p833_0p167_0p167"],"t":254,"s":[147,147,100],"e":[130,130,100]},{"i":{"x":[0.833,0.833,0.833],"y":[0.833,0.833,0.833]},"o":{"x":[0.167,0.167,0.167],"y":[0.167,0.167,0.167]},"n":["0p833_0p833_0p167_0p167","0p833_0p833_0p167_0p167","0p833_0p833_0p167_0p167"],"t":262,"s":[130,130,100],"e":[130,130,100]},{"i":{"x":[0.833,0.833,0.833],"y":[0.833,0.833,0.833]},"o":{"x":[0.167,0.167,0.167],"y":[0.167,0.167,0.167]},"n":["0p833_0p833_0p167_0p167","0p833_0p833_0p167_0p167","0p833_0p833_0p167_0p167"],"t":299,"s":[130,130,100],"e":[108,108,100]},{"i":{"x":[0.833,0.833,0.833],"y":[0.833,0.833,0.833]},"o":{"x":[0.167,0.167,0.167],"y":[0.167,0.167,0.167]},"n":["0p833_0p833_0p167_0p167","0p833_0p833_0p167_0p167","0p833_0p833_0p167_0p167"],"t":309,"s":[108,108,100],"e":[108,108,100]},{"i":{"x":[0.833,0.833,0.833],"y":[0.833,0.833,0.833]},"o":{"x":[0.167,0.167,0.167],"y":[0.167,0.167,0.167]},"n":["0p833_0p833_0p167_0p167","0p833_0p833_0p167_0p167","0p833_0p833_0p167_0p167"],"t":341,"s":[108,108,100],"e":[158,158,100]},{"i":{"x":[0.833,0.833,0.833],"y":[0.833,0.833,0.833]},"o":{"x":[0.167,0.167,0.167],"y":[0.167,0.167,0.167]},"n":["0p833_0p833_0p167_0p167","0p833_0p833_0p167_0p167","0p833_0p833_0p167_0p167"],"t":351,"s":[158,158,100],"e":[158,158,100]},{"i":{"x":[0.833,0.833,0.833],"y":[0.833,0.833,0.833]},"o":{"x":[0.167,0.167,0.167],"y":[0.167,0.167,0.167]},"n":["0p833_0p833_0p167_0p167","0p833_0p833_0p167_0p167","0p833_0p833_0p167_0p167"],"t":385,"s":[158,158,100],"e":[130,130,100]},{"t":395}],"ix":6}},"ao":0,"w":852,"h":480,"ip":0,"op":420,"st":0,"bm":0},{"ddd":0,"ind":8,"ty":4,"nm":"形状图层 1","sr":1,"ks":{"o":{"a":0,"k":100,"ix":11},"r":{"a":0,"k":0,"ix":10},"p":{"a":0,"k":[425,239,0],"ix":2},"a":{"a":0,"k":[0,0,0],"ix":1},"s":{"a":0,"k":[100,100,100],"ix":6}},"ao":0,"shapes":[{"ty":"gr","it":[{"ty":"rc","d":1,"s":{"a":0,"k":[852,480],"ix":2},"p":{"a":0,"k":[0,0],"ix":3},"r":{"a":0,"k":0,"ix":4},"nm":"矩形路径 1","mn":"ADBE Vector Shape - Rect","hd":false},{"ty":"fl","c":{"a":0,"k":[1,1,1,1],"ix":4},"o":{"a":0,"k":100,"ix":5},"r":1,"nm":"填充 1","mn":"ADBE Vector Graphic - Fill","hd":false},{"ty":"tr","p":{"a":0,"k":[1,1],"ix":2},"a":{"a":0,"k":[0,0],"ix":1},"s":{"a":0,"k":[100,100],"ix":3},"r":{"a":0,"k":0,"ix":6},"o":{"a":0,"k":100,"ix":7},"sk":{"a":0,"k":0,"ix":4},"sa":{"a":0,"k":0,"ix":5},"nm":"变换"}],"nm":"矩形 1","np":3,"cix":2,"ix":1,"mn":"ADBE Vector Group","hd":false}],"ip":0,"op":420,"st":0,"bm":0}],"markers":[]}
