<?xml version="1.0" encoding="UTF-8"?>
<root>
  <item name="com.veuisdk.utils.ModeDataUtils com.veuisdk.model.bean.AppData getEffectAppData(java.lang.String, java.lang.String, java.lang.String) 1">
    <annotation name="androidx.annotation.StringDef">
      <val name="value" val="{com.veuisdk.utils.ModeDataUtils.TYPE_YUN_AUDIO_EFFECT, com.veuisdk.utils.ModeDataUtils.TYPE_YUN_CLOUD_MUSIC, com.veuisdk.utils.ModeDataUtils.TYPE_VIDEO_AE, com.veuisdk.utils.ModeDataUtils.TYPE_SPECIAL_EFFECT, com.veuisdk.utils.ModeDataUtils.TYPE_STICKERS, com.veuisdk.utils.ModeDataUtils.TYPE_TRANSITION}" />
    </annotation>
  </item>
  <item name="com.veuisdk.utils.ModeDataUtils java.lang.String getModeData(java.lang.String, java.lang.String) 1">
    <annotation name="androidx.annotation.StringDef">
      <val name="value" val="{com.veuisdk.utils.ModeDataUtils.TYPE_YUN_AUDIO_EFFECT, com.veuisdk.utils.ModeDataUtils.TYPE_YUN_CLOUD_MUSIC, com.veuisdk.utils.ModeDataUtils.TYPE_VIDEO_AE, com.veuisdk.utils.ModeDataUtils.TYPE_SPECIAL_EFFECT, com.veuisdk.utils.ModeDataUtils.TYPE_STICKERS, com.veuisdk.utils.ModeDataUtils.TYPE_TRANSITION}" />
    </annotation>
  </item>
  <item name="com.veuisdk.utils.ModeDataUtils java.lang.String getModeData(java.lang.String, java.lang.String, java.lang.String) 1">
    <annotation name="androidx.annotation.StringDef">
      <val name="value" val="{com.veuisdk.utils.ModeDataUtils.TYPE_YUN_AUDIO_EFFECT, com.veuisdk.utils.ModeDataUtils.TYPE_YUN_CLOUD_MUSIC, com.veuisdk.utils.ModeDataUtils.TYPE_VIDEO_AE, com.veuisdk.utils.ModeDataUtils.TYPE_SPECIAL_EFFECT, com.veuisdk.utils.ModeDataUtils.TYPE_STICKERS, com.veuisdk.utils.ModeDataUtils.TYPE_TRANSITION}" />
    </annotation>
  </item>
  <item name="com.veuisdk.utils.ModeDataUtils java.lang.String getModeData(java.lang.String, java.lang.String, java.lang.String, int) 1">
    <annotation name="androidx.annotation.StringDef">
      <val name="value" val="{com.veuisdk.utils.ModeDataUtils.TYPE_YUN_AUDIO_EFFECT, com.veuisdk.utils.ModeDataUtils.TYPE_YUN_CLOUD_MUSIC, com.veuisdk.utils.ModeDataUtils.TYPE_VIDEO_AE, com.veuisdk.utils.ModeDataUtils.TYPE_SPECIAL_EFFECT, com.veuisdk.utils.ModeDataUtils.TYPE_STICKERS, com.veuisdk.utils.ModeDataUtils.TYPE_TRANSITION}" />
    </annotation>
  </item>
  <item name="com.veuisdk.utils.ModeDataUtils java.lang.String getTypeData(java.lang.String, java.lang.String) 1">
    <annotation name="androidx.annotation.StringDef">
      <val name="value" val="{com.veuisdk.utils.ModeDataUtils.TYPE_YUN_AUDIO_EFFECT, com.veuisdk.utils.ModeDataUtils.TYPE_YUN_CLOUD_MUSIC, com.veuisdk.utils.ModeDataUtils.TYPE_VIDEO_AE, com.veuisdk.utils.ModeDataUtils.TYPE_SPECIAL_EFFECT, com.veuisdk.utils.ModeDataUtils.TYPE_STICKERS, com.veuisdk.utils.ModeDataUtils.TYPE_TRANSITION}" />
    </annotation>
  </item>
  <item name="com.veuisdk.utils.ModeDataUtils.ResourceType">
    <annotation name="androidx.annotation.StringDef">
      <val name="value" val="{com.veuisdk.utils.ModeDataUtils.TYPE_YUN_AUDIO_EFFECT, com.veuisdk.utils.ModeDataUtils.TYPE_YUN_CLOUD_MUSIC, com.veuisdk.utils.ModeDataUtils.TYPE_VIDEO_AE, com.veuisdk.utils.ModeDataUtils.TYPE_SPECIAL_EFFECT, com.veuisdk.utils.ModeDataUtils.TYPE_STICKERS, com.veuisdk.utils.ModeDataUtils.TYPE_TRANSITION}" />
    </annotation>
  </item>
</root>

