{
    "textimg":{
        "ver" : "1",
        "text" : [{
            "name" : "ReplaceableText3.png",
            "width" : 660,
            "height" : 300,
            "textContent" : "暮秋十分，秋风袅袅。\n秋枫一叶一叶落下，\n如同落墨，在大地上\n晕成最美的笔迹",
            "textFont" : "MicrosoftYaHei-Bold",
            "fontSrc" : "MSYHBD.TTF",
            "maxNum" : 36,
            "lineNum" : 4,
            "alignment" : "center",
            "textColor" : [
                196,
                120,
                57
            ],
            "alpha" : 1.0,
            "vertical" : 0,
            "textPadding": [
                6,
                6,
                6,
                6
            ],
            "fontSize" : 65,
            "bold" : 1,
            "italic" :0,
            "strokeColor": [
                0,
                0,
                0
            ],
            "strokeWidth":0,
            "shadowColor": [
                0,
                0,
                0
            ]
        }
        ]
    },
    "v":"5.1.17","fr":30,"ip":0,"op":120,"w":852,"h":480,"nm":"16-9","ddd":0,"assets":[{"id":"image_0","w":660,"h":300,"u":"images/","p":"img_0.png","e":0},{"id":"image_1","w":852,"h":480,"u":"images/","p":"img_1.jpg","e":0}],"layers":[{"ddd":0,"ind":1,"ty":2,"nm":"ReplaceableText3.png","cl":"png","refId":"image_0","sr":1,"ks":{"o":{"a":0,"k":100,"ix":11},"r":{"a":0,"k":0,"ix":10},"p":{"a":1,"k":[{"i":{"x":0.667,"y":1},"o":{"x":0.167,"y":0.167},"n":"0p667_1_0p167_0p167","t":0,"s":[426,476,0],"e":[426,240,0],"to":[0,-39.3333320617676,0],"ti":[0,39.3333320617676,0]},{"t":119}],"ix":2},"a":{"a":0,"k":[330,150,0],"ix":1},"s":{"a":0,"k":[100,100,100],"ix":6}},"ao":0,"ip":0,"op":120,"st":0,"bm":0},{"ddd":0,"ind":2,"ty":2,"nm":"background3.jpg","cl":"jpg","refId":"image_1","sr":1,"ks":{"o":{"a":0,"k":100,"ix":11},"r":{"a":0,"k":0,"ix":10},"p":{"a":0,"k":[426,240,0],"ix":2},"a":{"a":0,"k":[426,240,0],"ix":1},"s":{"a":0,"k":[100,100,100],"ix":6}},"ao":0,"ip":0,"op":120,"st":0,"bm":0}],"markers":[]}