{
  "duration": 208,
  "time": 13.867,
  "size": [540,960],
  "layers": [
  {
      "source": 0,
      "type": 3,
      "filepath":"bg.mp4",
      "data": ""
    },
    {
      "source": 1,
      "type": 2,
      "filepath":"",
      "data": "data0.json"
    },
    {
        "source": 2,
        "type": 1,
        "filepath":"",
        "data": "font1.json"
      }
  ],
  "ui": [{
      "source":1,
      "type": 2,
      "bg": "ui0.png",
      "data": "ui0.json"
    },
    {
        "source":2,
        "type": 1,
        "bg": "ui1.jpg",
        "data": "ui1.json"
      }
  ]
}
