<?xml version="1.0" encoding="UTF-8"?>
<root>
  <item name="com.veuisdk.mvp.model.ListDataModel void getList(java.lang.String, java.lang.String, java.lang.String) 1">
    <annotation name="androidx.annotation.StringDef">
      <val name="value" val="{com.veuisdk.utils.ModeDataUtils.TYPE_YUN_AUDIO_EFFECT, com.veuisdk.utils.ModeDataUtils.TYPE_YUN_CLOUD_MUSIC, com.veuisdk.utils.ModeDataUtils.TYPE_VIDEO_AE, com.veuisdk.utils.ModeDataUtils.TYPE_SPECIAL_EFFECT, com.veuisdk.utils.ModeDataUtils.TYPE_STICKERS, com.veuisdk.utils.ModeDataUtils.TYPE_TRANSITION}" />
    </annotation>
  </item>
  <item name="com.veuisdk.mvp.model.MoreMusicModel void getSoundType(java.lang.String, java.lang.String) 1">
    <annotation name="androidx.annotation.StringDef">
      <val name="value" val="{com.veuisdk.utils.ModeDataUtils.TYPE_YUN_AUDIO_EFFECT, com.veuisdk.utils.ModeDataUtils.TYPE_YUN_CLOUD_MUSIC, com.veuisdk.utils.ModeDataUtils.TYPE_VIDEO_AE, com.veuisdk.utils.ModeDataUtils.TYPE_SPECIAL_EFFECT, com.veuisdk.utils.ModeDataUtils.TYPE_STICKERS, com.veuisdk.utils.ModeDataUtils.TYPE_TRANSITION}" />
    </annotation>
  </item>
  <item name="com.veuisdk.mvp.model.TypeDataModel void getTypeList(java.lang.String, java.lang.String) 1">
    <annotation name="androidx.annotation.StringDef">
      <val name="value" val="{com.veuisdk.utils.ModeDataUtils.TYPE_YUN_AUDIO_EFFECT, com.veuisdk.utils.ModeDataUtils.TYPE_YUN_CLOUD_MUSIC, com.veuisdk.utils.ModeDataUtils.TYPE_VIDEO_AE, com.veuisdk.utils.ModeDataUtils.TYPE_SPECIAL_EFFECT, com.veuisdk.utils.ModeDataUtils.TYPE_STICKERS, com.veuisdk.utils.ModeDataUtils.TYPE_TRANSITION}" />
    </annotation>
  </item>
</root>

