<?xml version="1.0" encoding="UTF-8"?>
<root>
  <item name="com.veuisdk.model.EffectFilterInfo type">
    <annotation name="androidx.annotation.StringDef">
      <val name="value" val="{com.veuisdk.model.type.EffectType.DONGGAN, com.veuisdk.model.type.EffectType.FENPING, com.veuisdk.model.type.EffectType.ZHUANCHANG, com.veuisdk.model.type.EffectType.DINGGE, com.veuisdk.model.type.EffectType.TIME}" />
    </annotation>
  </item>
  <item name="com.veuisdk.model.VideoOb DEFAULT_CROP">
    <annotation name="androidx.annotation.IntDef">
      <val name="value" val="{com.veuisdk.model.VideoOb.CROP_ORIGINAL, com.veuisdk.model.VideoOb.CROP_FREE, com.veuisdk.model.VideoOb.CROP_1, com.veuisdk.model.VideoOb.CROP_169, com.veuisdk.model.VideoOb.CROP_916}" />
    </annotation>
  </item>
  <item name="com.veuisdk.model.VideoOb VideoOb(float, float, float, float, float, float, int, com.veuisdk.model.ExtPicInfo, int) 8">
    <annotation name="androidx.annotation.IntDef">
      <val name="value" val="{com.veuisdk.model.VideoOb.CROP_ORIGINAL, com.veuisdk.model.VideoOb.CROP_FREE, com.veuisdk.model.VideoOb.CROP_1, com.veuisdk.model.VideoOb.CROP_169, com.veuisdk.model.VideoOb.CROP_916}" />
    </annotation>
  </item>
  <item name="com.veuisdk.model.VideoOb cropMode">
    <annotation name="androidx.annotation.IntDef">
      <val name="value" val="{com.veuisdk.model.VideoOb.CROP_ORIGINAL, com.veuisdk.model.VideoOb.CROP_FREE, com.veuisdk.model.VideoOb.CROP_1, com.veuisdk.model.VideoOb.CROP_169, com.veuisdk.model.VideoOb.CROP_916}" />
    </annotation>
  </item>
  <item name="com.veuisdk.model.VideoOb int getCropMode()">
    <annotation name="androidx.annotation.IntDef">
      <val name="value" val="{com.veuisdk.model.VideoOb.CROP_ORIGINAL, com.veuisdk.model.VideoOb.CROP_FREE, com.veuisdk.model.VideoOb.CROP_1, com.veuisdk.model.VideoOb.CROP_169, com.veuisdk.model.VideoOb.CROP_916}" />
    </annotation>
  </item>
  <item name="com.veuisdk.model.VideoOb void setCropMode(int) 0">
    <annotation name="androidx.annotation.IntDef">
      <val name="value" val="{com.veuisdk.model.VideoOb.CROP_ORIGINAL, com.veuisdk.model.VideoOb.CROP_FREE, com.veuisdk.model.VideoOb.CROP_1, com.veuisdk.model.VideoOb.CROP_169, com.veuisdk.model.VideoOb.CROP_916}" />
    </annotation>
  </item>
  <item name="com.veuisdk.model.VideoOb.CropMode">
    <annotation name="androidx.annotation.IntDef">
      <val name="value" val="{com.veuisdk.model.VideoOb.CROP_ORIGINAL, com.veuisdk.model.VideoOb.CROP_FREE, com.veuisdk.model.VideoOb.CROP_1, com.veuisdk.model.VideoOb.CROP_169, com.veuisdk.model.VideoOb.CROP_916}" />
    </annotation>
  </item>
</root>

