{
    "textimg":{
        "ver" : "1",
        "text" : [{
            "name" : "ReplaceableText2.png",
            "width" : 474,
            "height" : 220,
            "textContent" : "一个有趣的视频",
            "textFont" : "MicrosoftYaHei-Bold",
            "fontSrc" : "MSYHBD.TTF",
            "maxNum" : 10,
            "lineNum" : 2,
            "alignment" : "center",
            "textColor" : [
                255,
                255,
                255
            ],
            "alpha" : 1.0,
            "vertical" : 0,
            "textPadding": [
                6,
                6,
                6,
                6
            ],
            "fontSize" : 45,
            "bold" : 1,
            "italic" : 0,
            "strokeColor": [
                255,
                0,
                0
            ],
            "strokeWidth":0,
            "shadowColor": [
                0,
                0,
                0
            ]
        }
        ]
    },
    "v":"5.1.17","fr":30,"ip":0,"op":75,"w":720,"h":405,"nm":"16-9","ddd":0,"assets":[{"id":"image_0","w":474,"h":220,"u":"images/","p":"img_0.png","e":0},{"id":"image_1","w":720,"h":405,"u":"images/","p":"img_1.jpg","e":0}],"layers":[{"ddd":0,"ind":1,"ty":4,"nm":"形状图层 5","sr":1,"ks":{"o":{"a":0,"k":100,"ix":11},"r":{"a":0,"k":0,"ix":10},"p":{"a":0,"k":[360,196,0],"ix":2},"a":{"a":0,"k":[0,0,0],"ix":1},"s":{"a":0,"k":[100,100,100],"ix":6}},"ao":0,"shapes":[{"ty":"gr","it":[{"d":1,"ty":"el","s":{"a":0,"k":[1061,1061],"ix":2},"p":{"a":0,"k":[0,0],"ix":3},"nm":"椭圆路径 1","mn":"ADBE Vector Shape - Ellipse","hd":false},{"ty":"st","c":{"a":0,"k":[0,0,0,1],"ix":3},"o":{"a":0,"k":100,"ix":4},"w":{"a":1,"k":[{"i":{"x":[0.833],"y":[0.833]},"o":{"x":[0.167],"y":[0.167]},"n":["0p833_0p833_0p167_0p167"],"t":0,"s":[1078],"e":[3]},{"t":10}],"ix":5},"lc":1,"lj":1,"ml":4,"nm":"描边 1","mn":"ADBE Vector Graphic - Stroke","hd":false},{"ty":"tr","p":{"a":0,"k":[0,2],"ix":2},"a":{"a":0,"k":[0,0],"ix":1},"s":{"a":0,"k":[100,100],"ix":3},"r":{"a":0,"k":0,"ix":6},"o":{"a":0,"k":100,"ix":7},"sk":{"a":0,"k":0,"ix":4},"sa":{"a":0,"k":0,"ix":5},"nm":"变换"}],"nm":"椭圆 1","np":3,"cix":2,"ix":1,"mn":"ADBE Vector Group","hd":false}],"ip":0,"op":75,"st":0,"bm":0},{"ddd":0,"ind":2,"ty":2,"nm":"ReplaceableText2.png","cl":"png","refId":"image_0","sr":1,"ks":{"o":{"a":0,"k":100,"ix":11},"r":{"a":0,"k":0,"ix":10},"p":{"a":0,"k":[360,202.5,0],"ix":2},"a":{"a":0,"k":[237,110,0],"ix":1},"s":{"a":0,"k":[100,100,100],"ix":6}},"ao":0,"ip":0,"op":75,"st":0,"bm":0},{"ddd":0,"ind":3,"ty":4,"nm":"形状图层 3","sr":1,"ks":{"o":{"a":0,"k":100,"ix":11},"r":{"a":0,"k":0,"ix":10},"p":{"a":0,"k":[360.166,359,0],"ix":2},"a":{"a":0,"k":[2.75,-167,0],"ix":1},"s":{"a":0,"k":[132.539,-132.539,100],"ix":6}},"ao":0,"shapes":[{"ty":"gr","it":[{"d":1,"ty":"el","s":{"a":0,"k":[8.75,8.75],"ix":2},"p":{"a":0,"k":[0,0],"ix":3},"nm":"椭圆路径 1","mn":"ADBE Vector Shape - Ellipse","hd":false},{"ty":"fl","c":{"a":0,"k":[1,1,1,1],"ix":4},"o":{"a":0,"k":100,"ix":5},"r":1,"nm":"填充 1","mn":"ADBE Vector Graphic - Fill","hd":false},{"ty":"tr","p":{"a":0,"k":[176.625,-140.625],"ix":2},"a":{"a":0,"k":[0,0],"ix":1},"s":{"a":0,"k":[100,100],"ix":3},"r":{"a":0,"k":0,"ix":6},"o":{"a":0,"k":100,"ix":7},"sk":{"a":0,"k":0,"ix":4},"sa":{"a":0,"k":0,"ix":5},"nm":"变换"}],"nm":"椭圆 5","np":3,"cix":2,"ix":1,"mn":"ADBE Vector Group","hd":false},{"ty":"gr","it":[{"d":1,"ty":"el","s":{"a":0,"k":[8.75,8.75],"ix":2},"p":{"a":0,"k":[0,0],"ix":3},"nm":"椭圆路径 1","mn":"ADBE Vector Shape - Ellipse","hd":false},{"ty":"fl","c":{"a":0,"k":[1,1,1,1],"ix":4},"o":{"a":0,"k":100,"ix":5},"r":1,"nm":"填充 1","mn":"ADBE Vector Graphic - Fill","hd":false},{"ty":"tr","p":{"a":0,"k":[-171.375,-140.625],"ix":2},"a":{"a":0,"k":[0,0],"ix":1},"s":{"a":0,"k":[100,100],"ix":3},"r":{"a":0,"k":0,"ix":6},"o":{"a":0,"k":100,"ix":7},"sk":{"a":0,"k":0,"ix":4},"sa":{"a":0,"k":0,"ix":5},"nm":"变换"}],"nm":"椭圆 4","np":3,"cix":2,"ix":2,"mn":"ADBE Vector Group","hd":false},{"ty":"gr","it":[{"d":1,"ty":"el","s":{"a":0,"k":[4.625,4.625],"ix":2},"p":{"a":0,"k":[0,0],"ix":3},"nm":"椭圆路径 1","mn":"ADBE Vector Shape - Ellipse","hd":false},{"ty":"fl","c":{"a":0,"k":[1,1,1,1],"ix":4},"o":{"a":0,"k":100,"ix":5},"r":1,"nm":"填充 1","mn":"ADBE Vector Graphic - Fill","hd":false},{"ty":"tr","p":{"a":0,"k":[-77.438,-149.563],"ix":2},"a":{"a":0,"k":[0,0],"ix":1},"s":{"a":0,"k":[100,100],"ix":3},"r":{"a":0,"k":0,"ix":6},"o":{"a":0,"k":100,"ix":7},"sk":{"a":0,"k":0,"ix":4},"sa":{"a":0,"k":0,"ix":5},"nm":"变换"}],"nm":"椭圆 3","np":3,"cix":2,"ix":3,"mn":"ADBE Vector Group","hd":false},{"ty":"gr","it":[{"d":1,"ty":"el","s":{"a":0,"k":[5,5],"ix":2},"p":{"a":0,"k":[0,0],"ix":3},"nm":"椭圆路径 1","mn":"ADBE Vector Shape - Ellipse","hd":false},{"ty":"fl","c":{"a":0,"k":[1,1,1,1],"ix":4},"o":{"a":0,"k":100,"ix":5},"r":1,"nm":"填充 1","mn":"ADBE Vector Graphic - Fill","hd":false},{"ty":"tr","p":{"a":0,"k":[82.75,-149.375],"ix":2},"a":{"a":0,"k":[0,0],"ix":1},"s":{"a":0,"k":[100,100],"ix":3},"r":{"a":0,"k":0,"ix":6},"o":{"a":0,"k":100,"ix":7},"sk":{"a":0,"k":0,"ix":4},"sa":{"a":0,"k":0,"ix":5},"nm":"变换"}],"nm":"椭圆 2","np":3,"cix":2,"ix":4,"mn":"ADBE Vector Group","hd":false},{"ty":"gr","it":[{"d":1,"ty":"el","s":{"a":0,"k":[5.125,5.125],"ix":2},"p":{"a":0,"k":[0,0],"ix":3},"nm":"椭圆路径 1","mn":"ADBE Vector Shape - Ellipse","hd":false},{"ty":"fl","c":{"a":0,"k":[1,1,1,1],"ix":4},"o":{"a":0,"k":100,"ix":5},"r":1,"nm":"填充 1","mn":"ADBE Vector Graphic - Fill","hd":false},{"ty":"tr","p":{"a":0,"k":[2.813,-197.063],"ix":2},"a":{"a":0,"k":[0,0],"ix":1},"s":{"a":0,"k":[100,100],"ix":3},"r":{"a":0,"k":0,"ix":6},"o":{"a":0,"k":100,"ix":7},"sk":{"a":0,"k":0,"ix":4},"sa":{"a":0,"k":0,"ix":5},"nm":"变换"}],"nm":"椭圆 1","np":3,"cix":2,"ix":5,"mn":"ADBE Vector Group","hd":false},{"ty":"gr","it":[{"ind":0,"ty":"sh","ix":1,"ks":{"a":0,"k":{"i":[[1.25,-0.5],[0.625,-3.125],[1.125,2.5],[0,0],[2.875,-1.625],[-2.875,-1],[-1,-3.75],[-2,-0.5],[0.625,-2.375],[2.625,0.25],[0,-1.875],[-1,-2.25],[-1,-0.25],[0,-5],[0,-1.5],[-1.125,1],[-1.75,0],[-1,0.25],[-0.375,1.25],[-2,-2],[-2.125,0.375],[2.375,1.625],[0.875,1.875],[0.125,2.25],[-2,0],[-1.25,0.25],[-0.125,1.75],[0.875,1],[2.125,0],[0,1.625],[-2.625,1],[-0.5,1.375],[-2.75,2.5],[1.75,-0.125],[1.75,-0.375],[1.25,-1.75],[-0.375,1.625],[1.25,1.875]],"o":[[-1.25,0.5],[-0.625,3.125],[-1.125,-2.5],[0,0],[-2.875,1.625],[2.875,1],[1,3.75],[2,0.5],[-0.625,2.375],[-2.625,-0.25],[0,1.875],[1,2.25],[1,0.25],[0,5],[0,1.5],[1.125,-1],[1.75,0],[1,-0.25],[0.375,-1.25],[2,2],[2.125,-0.375],[-2.375,-1.625],[-0.875,-1.875],[-0.125,-2.25],[2,0],[1.25,-0.25],[0.125,-1.75],[-0.875,-1],[-2.125,0],[0,-1.625],[2.625,-1],[0.5,-1.375],[2.75,-2.5],[-1.75,0.125],[-1.75,0.375],[-1.25,1.75],[0.375,-1.625],[-1.25,-1.875]],"v":[[1.25,-188.75],[0,-179.875],[-3.5,-181.875],[-7.875,-184.125],[-14,-186.5],[-11.75,-183.5],[-7.75,-177.125],[-1.75,-171.75],[0.625,-166.75],[-5.375,-164.875],[-9.125,-162.375],[-7.75,-158.125],[-0.75,-156.875],[0,-148],[-8.875,-138.875],[-3.125,-139],[0.125,-141],[2.75,-139.125],[4.5,-140.5],[7.875,-139.625],[13.75,-138.125],[8.75,-143.125],[5.875,-147.875],[5.5,-154.375],[8.625,-156.375],[12.625,-157.625],[15.25,-160.5],[13.125,-163.5],[8.75,-165.5],[5.5,-167.125],[10.375,-172.125],[13.875,-179.125],[19.125,-183.375],[18.25,-186.25],[12.875,-184.25],[7.625,-181.375],[5.625,-181.375],[5.25,-187.375]],"c":true},"ix":2},"nm":"路径 1","mn":"ADBE Vector Shape - Group","hd":false},{"ty":"fl","c":{"a":0,"k":[1,1,1,1],"ix":4},"o":{"a":0,"k":100,"ix":5},"r":1,"nm":"填充 1","mn":"ADBE Vector Graphic - Fill","hd":false},{"ty":"tr","p":{"a":0,"k":[0,0],"ix":2},"a":{"a":0,"k":[0,0],"ix":1},"s":{"a":0,"k":[100,100],"ix":3},"r":{"a":0,"k":0,"ix":6},"o":{"a":0,"k":100,"ix":7},"sk":{"a":0,"k":0,"ix":4},"sa":{"a":0,"k":0,"ix":5},"nm":"变换"}],"nm":"形状 3","np":3,"cix":2,"ix":6,"mn":"ADBE Vector Group","hd":false},{"ty":"gr","it":[{"ind":0,"ty":"sh","ix":1,"ks":{"a":0,"k":{"i":[[0,0],[3.875,-5.625],[3.75,-4.375],[-0.161,2.009],[0,2.25],[0.875,0],[0.125,-1.875],[-3.75,-1.75],[-3.125,6.375],[-7.625,0],[4.25,1],[-3.125,0.625],[4.125,0],[-0.125,6.625],[-6.375,0],[0,-7.5],[9.25,-2],[0,0],[0,8.375],[-1,0],[0,-4.75],[1.125,1.375],[0.75,-0.75],[-3.625,0],[0,4.25],[4.75,0],[0,-4.875],[-6.375,-3.875],[0,0],[2.5,1.75],[1.375,-2.25],[0,0],[0,0],[0,0],[0,0.25],[0,19.5]],"o":[[0,0],[-3.875,5.625],[-3.75,4.375],[0.25,-3.125],[0,-2.25],[-0.875,0],[-0.125,1.875],[3.75,1.75],[0.5,3.75],[7.625,0],[-4.25,-1],[1.5,0.75],[-4.125,0],[0.125,-6.625],[6.375,0],[0,7.5],[-10.625,0],[0,0],[0,-8.375],[1,0],[0,4.75],[-1.125,-1.375],[-0.75,0.75],[3.625,0],[0,-4.25],[-4.75,0],[0,4.875],[-5.25,0],[0,0],[-2.5,-1.75],[-1.375,2.25],[0,0],[0,0],[0,0],[0,-0.25],[-2,-15.125]],"v":[[-18.25,-174.125],[-30.125,-168.375],[-37.375,-155.125],[-45.875,-155.875],[-43.625,-160.375],[-45.75,-162.625],[-48.375,-160.125],[-45,-151.625],[-32.875,-157.375],[-22.25,-148.5],[-18.25,-160],[-18.875,-155.25],[-22.625,-151],[-31,-160.125],[-18.375,-171.125],[-5.375,-159.375],[-18.125,-142.25],[-89.875,-142.25],[-101,-154.5],[-93.75,-163],[-86.75,-158.25],[-91.75,-154.625],[-94.875,-154.375],[-90.75,-152],[-84.625,-158.5],[-93.75,-165.25],[-103.375,-156.375],[-95.5,-142.5],[-104.375,-142.5],[-111.625,-147],[-116.75,-146.375],[-121.875,-142.125],[-171.5,-142.25],[-171.5,-139.5],[-18.5,-139.5],[-2.125,-160]],"c":true},"ix":2},"nm":"路径 1","mn":"ADBE Vector Shape - Group","hd":false},{"ty":"fl","c":{"a":0,"k":[1,1,1,1],"ix":4},"o":{"a":0,"k":100,"ix":5},"r":1,"nm":"填充 1","mn":"ADBE Vector Graphic - Fill","hd":false},{"ty":"tr","p":{"a":0,"k":[0,0],"ix":2},"a":{"a":0,"k":[0,0],"ix":1},"s":{"a":0,"k":[100,100],"ix":3},"r":{"a":0,"k":0,"ix":6},"o":{"a":0,"k":100,"ix":7},"sk":{"a":0,"k":0,"ix":4},"sa":{"a":0,"k":0,"ix":5},"nm":"变换"}],"nm":"形状 1","np":3,"cix":2,"ix":7,"mn":"ADBE Vector Group","hd":false},{"ty":"gr","it":[{"ind":0,"ty":"sh","ix":1,"ks":{"a":0,"k":{"i":[[0,0],[3.875,-5.625],[3.75,-4.375],[-0.161,2.009],[0,2.25],[0.875,0],[0.125,-1.875],[-3.75,-1.75],[-3.125,6.375],[-7.625,0],[4.25,1],[-3.125,0.625],[4.125,0],[-0.125,6.625],[-6.375,0],[0,-7.5],[9.25,-2],[0,0],[0,8.375],[-1,0],[0,-4.75],[1.125,1.375],[0.75,-0.75],[-3.625,0],[0,4.25],[4.75,0],[0,-4.875],[-6.375,-3.875],[0,0],[2.5,1.75],[1.375,-2.25],[0,0],[0,0],[0,0],[0,0.25],[0,19.5]],"o":[[0,0],[-3.875,5.625],[-3.75,4.375],[0.25,-3.125],[0,-2.25],[-0.875,0],[-0.125,1.875],[3.75,1.75],[0.5,3.75],[7.625,0],[-4.25,-1],[1.5,0.75],[-4.125,0],[0.125,-6.625],[6.375,0],[0,7.5],[-10.625,0],[0,0],[0,-8.375],[1,0],[0,4.75],[-1.125,-1.375],[-0.75,0.75],[3.625,0],[0,-4.25],[-4.75,0],[0,4.875],[-5.25,0],[0,0],[-2.5,-1.75],[-1.375,2.25],[0,0],[0,0],[0,0],[0,-0.25],[-2,-15.125]],"v":[[-18.25,-174.125],[-30.125,-168.375],[-37.375,-155.125],[-45.875,-155.875],[-43.625,-160.375],[-45.75,-162.625],[-48.375,-160.125],[-45,-151.625],[-32.875,-157.375],[-22.25,-148.5],[-18.25,-160],[-18.875,-155.25],[-22.625,-151],[-31,-160.125],[-18.375,-171.125],[-5.375,-159.375],[-18.125,-142.25],[-89.875,-142.25],[-101,-154.5],[-93.75,-163],[-86.75,-158.25],[-91.75,-154.625],[-94.875,-154.375],[-90.75,-152],[-84.625,-158.5],[-93.75,-165.25],[-103.375,-156.375],[-95.5,-142.5],[-104.375,-142.5],[-111.625,-147],[-116.75,-146.375],[-121.875,-142.125],[-171.5,-142.25],[-171.5,-139.5],[-18.5,-139.5],[-2.125,-160]],"c":true},"ix":2},"nm":"路径 1","mn":"ADBE Vector Shape - Group","hd":false},{"ty":"fl","c":{"a":0,"k":[1,1,1,1],"ix":4},"o":{"a":0,"k":100,"ix":5},"r":1,"nm":"填充 1","mn":"ADBE Vector Graphic - Fill","hd":false},{"ty":"tr","p":{"a":0,"k":[0,0],"ix":2},"a":{"a":0,"k":[6,0],"ix":1},"s":{"a":0,"k":[-100,100],"ix":3},"r":{"a":0,"k":0,"ix":6},"o":{"a":0,"k":100,"ix":7},"sk":{"a":0,"k":0,"ix":4},"sa":{"a":0,"k":0,"ix":5},"nm":"变换"}],"nm":"形状 2","np":3,"cix":2,"ix":8,"mn":"ADBE Vector Group","hd":false}],"ip":0,"op":75,"st":0,"bm":0},{"ddd":0,"ind":4,"ty":4,"nm":"形状图层 2","sr":1,"ks":{"o":{"a":0,"k":100,"ix":11},"r":{"a":0,"k":0,"ix":10},"p":{"a":0,"k":[360.166,46,0],"ix":2},"a":{"a":0,"k":[2.75,-167,0],"ix":1},"s":{"a":0,"k":[132.539,132.539,100],"ix":6}},"ao":0,"shapes":[{"ty":"gr","it":[{"d":1,"ty":"el","s":{"a":0,"k":[8.75,8.75],"ix":2},"p":{"a":0,"k":[0,0],"ix":3},"nm":"椭圆路径 1","mn":"ADBE Vector Shape - Ellipse","hd":false},{"ty":"fl","c":{"a":0,"k":[1,1,1,1],"ix":4},"o":{"a":0,"k":100,"ix":5},"r":1,"nm":"填充 1","mn":"ADBE Vector Graphic - Fill","hd":false},{"ty":"tr","p":{"a":0,"k":[176.625,-140.625],"ix":2},"a":{"a":0,"k":[0,0],"ix":1},"s":{"a":0,"k":[100,100],"ix":3},"r":{"a":0,"k":0,"ix":6},"o":{"a":0,"k":100,"ix":7},"sk":{"a":0,"k":0,"ix":4},"sa":{"a":0,"k":0,"ix":5},"nm":"变换"}],"nm":"椭圆 5","np":3,"cix":2,"ix":1,"mn":"ADBE Vector Group","hd":false},{"ty":"gr","it":[{"d":1,"ty":"el","s":{"a":0,"k":[8.75,8.75],"ix":2},"p":{"a":0,"k":[0,0],"ix":3},"nm":"椭圆路径 1","mn":"ADBE Vector Shape - Ellipse","hd":false},{"ty":"fl","c":{"a":0,"k":[1,1,1,1],"ix":4},"o":{"a":0,"k":100,"ix":5},"r":1,"nm":"填充 1","mn":"ADBE Vector Graphic - Fill","hd":false},{"ty":"tr","p":{"a":0,"k":[-171.375,-140.625],"ix":2},"a":{"a":0,"k":[0,0],"ix":1},"s":{"a":0,"k":[100,100],"ix":3},"r":{"a":0,"k":0,"ix":6},"o":{"a":0,"k":100,"ix":7},"sk":{"a":0,"k":0,"ix":4},"sa":{"a":0,"k":0,"ix":5},"nm":"变换"}],"nm":"椭圆 4","np":3,"cix":2,"ix":2,"mn":"ADBE Vector Group","hd":false},{"ty":"gr","it":[{"d":1,"ty":"el","s":{"a":0,"k":[4.625,4.625],"ix":2},"p":{"a":0,"k":[0,0],"ix":3},"nm":"椭圆路径 1","mn":"ADBE Vector Shape - Ellipse","hd":false},{"ty":"fl","c":{"a":0,"k":[1,1,1,1],"ix":4},"o":{"a":0,"k":100,"ix":5},"r":1,"nm":"填充 1","mn":"ADBE Vector Graphic - Fill","hd":false},{"ty":"tr","p":{"a":0,"k":[-77.438,-149.563],"ix":2},"a":{"a":0,"k":[0,0],"ix":1},"s":{"a":0,"k":[100,100],"ix":3},"r":{"a":0,"k":0,"ix":6},"o":{"a":0,"k":100,"ix":7},"sk":{"a":0,"k":0,"ix":4},"sa":{"a":0,"k":0,"ix":5},"nm":"变换"}],"nm":"椭圆 3","np":3,"cix":2,"ix":3,"mn":"ADBE Vector Group","hd":false},{"ty":"gr","it":[{"d":1,"ty":"el","s":{"a":0,"k":[5,5],"ix":2},"p":{"a":0,"k":[0,0],"ix":3},"nm":"椭圆路径 1","mn":"ADBE Vector Shape - Ellipse","hd":false},{"ty":"fl","c":{"a":0,"k":[1,1,1,1],"ix":4},"o":{"a":0,"k":100,"ix":5},"r":1,"nm":"填充 1","mn":"ADBE Vector Graphic - Fill","hd":false},{"ty":"tr","p":{"a":0,"k":[82.75,-149.375],"ix":2},"a":{"a":0,"k":[0,0],"ix":1},"s":{"a":0,"k":[100,100],"ix":3},"r":{"a":0,"k":0,"ix":6},"o":{"a":0,"k":100,"ix":7},"sk":{"a":0,"k":0,"ix":4},"sa":{"a":0,"k":0,"ix":5},"nm":"变换"}],"nm":"椭圆 2","np":3,"cix":2,"ix":4,"mn":"ADBE Vector Group","hd":false},{"ty":"gr","it":[{"d":1,"ty":"el","s":{"a":0,"k":[5.125,5.125],"ix":2},"p":{"a":0,"k":[0,0],"ix":3},"nm":"椭圆路径 1","mn":"ADBE Vector Shape - Ellipse","hd":false},{"ty":"fl","c":{"a":0,"k":[1,1,1,1],"ix":4},"o":{"a":0,"k":100,"ix":5},"r":1,"nm":"填充 1","mn":"ADBE Vector Graphic - Fill","hd":false},{"ty":"tr","p":{"a":0,"k":[2.813,-197.063],"ix":2},"a":{"a":0,"k":[0,0],"ix":1},"s":{"a":0,"k":[100,100],"ix":3},"r":{"a":0,"k":0,"ix":6},"o":{"a":0,"k":100,"ix":7},"sk":{"a":0,"k":0,"ix":4},"sa":{"a":0,"k":0,"ix":5},"nm":"变换"}],"nm":"椭圆 1","np":3,"cix":2,"ix":5,"mn":"ADBE Vector Group","hd":false},{"ty":"gr","it":[{"ind":0,"ty":"sh","ix":1,"ks":{"a":0,"k":{"i":[[1.25,-0.5],[0.625,-3.125],[1.125,2.5],[0,0],[2.875,-1.625],[-2.875,-1],[-1,-3.75],[-2,-0.5],[0.625,-2.375],[2.625,0.25],[0,-1.875],[-1,-2.25],[-1,-0.25],[0,-5],[0,-1.5],[-1.125,1],[-1.75,0],[-1,0.25],[-0.375,1.25],[-2,-2],[-2.125,0.375],[2.375,1.625],[0.875,1.875],[0.125,2.25],[-2,0],[-1.25,0.25],[-0.125,1.75],[0.875,1],[2.125,0],[0,1.625],[-2.625,1],[-0.5,1.375],[-2.75,2.5],[1.75,-0.125],[1.75,-0.375],[1.25,-1.75],[-0.375,1.625],[1.25,1.875]],"o":[[-1.25,0.5],[-0.625,3.125],[-1.125,-2.5],[0,0],[-2.875,1.625],[2.875,1],[1,3.75],[2,0.5],[-0.625,2.375],[-2.625,-0.25],[0,1.875],[1,2.25],[1,0.25],[0,5],[0,1.5],[1.125,-1],[1.75,0],[1,-0.25],[0.375,-1.25],[2,2],[2.125,-0.375],[-2.375,-1.625],[-0.875,-1.875],[-0.125,-2.25],[2,0],[1.25,-0.25],[0.125,-1.75],[-0.875,-1],[-2.125,0],[0,-1.625],[2.625,-1],[0.5,-1.375],[2.75,-2.5],[-1.75,0.125],[-1.75,0.375],[-1.25,1.75],[0.375,-1.625],[-1.25,-1.875]],"v":[[1.25,-188.75],[0,-179.875],[-3.5,-181.875],[-7.875,-184.125],[-14,-186.5],[-11.75,-183.5],[-7.75,-177.125],[-1.75,-171.75],[0.625,-166.75],[-5.375,-164.875],[-9.125,-162.375],[-7.75,-158.125],[-0.75,-156.875],[0,-148],[-8.875,-138.875],[-3.125,-139],[0.125,-141],[2.75,-139.125],[4.5,-140.5],[7.875,-139.625],[13.75,-138.125],[8.75,-143.125],[5.875,-147.875],[5.5,-154.375],[8.625,-156.375],[12.625,-157.625],[15.25,-160.5],[13.125,-163.5],[8.75,-165.5],[5.5,-167.125],[10.375,-172.125],[13.875,-179.125],[19.125,-183.375],[18.25,-186.25],[12.875,-184.25],[7.625,-181.375],[5.625,-181.375],[5.25,-187.375]],"c":true},"ix":2},"nm":"路径 1","mn":"ADBE Vector Shape - Group","hd":false},{"ty":"fl","c":{"a":0,"k":[1,1,1,1],"ix":4},"o":{"a":0,"k":100,"ix":5},"r":1,"nm":"填充 1","mn":"ADBE Vector Graphic - Fill","hd":false},{"ty":"tr","p":{"a":0,"k":[0,0],"ix":2},"a":{"a":0,"k":[0,0],"ix":1},"s":{"a":0,"k":[100,100],"ix":3},"r":{"a":0,"k":0,"ix":6},"o":{"a":0,"k":100,"ix":7},"sk":{"a":0,"k":0,"ix":4},"sa":{"a":0,"k":0,"ix":5},"nm":"变换"}],"nm":"形状 3","np":3,"cix":2,"ix":6,"mn":"ADBE Vector Group","hd":false},{"ty":"gr","it":[{"ind":0,"ty":"sh","ix":1,"ks":{"a":0,"k":{"i":[[0,0],[3.875,-5.625],[3.75,-4.375],[-0.161,2.009],[0,2.25],[0.875,0],[0.125,-1.875],[-3.75,-1.75],[-3.125,6.375],[-7.625,0],[4.25,1],[-3.125,0.625],[4.125,0],[-0.125,6.625],[-6.375,0],[0,-7.5],[9.25,-2],[0,0],[0,8.375],[-1,0],[0,-4.75],[1.125,1.375],[0.75,-0.75],[-3.625,0],[0,4.25],[4.75,0],[0,-4.875],[-6.375,-3.875],[0,0],[2.5,1.75],[1.375,-2.25],[0,0],[0,0],[0,0],[0,0.25],[0,19.5]],"o":[[0,0],[-3.875,5.625],[-3.75,4.375],[0.25,-3.125],[0,-2.25],[-0.875,0],[-0.125,1.875],[3.75,1.75],[0.5,3.75],[7.625,0],[-4.25,-1],[1.5,0.75],[-4.125,0],[0.125,-6.625],[6.375,0],[0,7.5],[-10.625,0],[0,0],[0,-8.375],[1,0],[0,4.75],[-1.125,-1.375],[-0.75,0.75],[3.625,0],[0,-4.25],[-4.75,0],[0,4.875],[-5.25,0],[0,0],[-2.5,-1.75],[-1.375,2.25],[0,0],[0,0],[0,0],[0,-0.25],[-2,-15.125]],"v":[[-18.25,-174.125],[-30.125,-168.375],[-37.375,-155.125],[-45.875,-155.875],[-43.625,-160.375],[-45.75,-162.625],[-48.375,-160.125],[-45,-151.625],[-32.875,-157.375],[-22.25,-148.5],[-18.25,-160],[-18.875,-155.25],[-22.625,-151],[-31,-160.125],[-18.375,-171.125],[-5.375,-159.375],[-18.125,-142.25],[-89.875,-142.25],[-101,-154.5],[-93.75,-163],[-86.75,-158.25],[-91.75,-154.625],[-94.875,-154.375],[-90.75,-152],[-84.625,-158.5],[-93.75,-165.25],[-103.375,-156.375],[-95.5,-142.5],[-104.375,-142.5],[-111.625,-147],[-116.75,-146.375],[-121.875,-142.125],[-171.5,-142.25],[-171.5,-139.5],[-18.5,-139.5],[-2.125,-160]],"c":true},"ix":2},"nm":"路径 1","mn":"ADBE Vector Shape - Group","hd":false},{"ty":"fl","c":{"a":0,"k":[1,1,1,1],"ix":4},"o":{"a":0,"k":100,"ix":5},"r":1,"nm":"填充 1","mn":"ADBE Vector Graphic - Fill","hd":false},{"ty":"tr","p":{"a":0,"k":[0,0],"ix":2},"a":{"a":0,"k":[0,0],"ix":1},"s":{"a":0,"k":[100,100],"ix":3},"r":{"a":0,"k":0,"ix":6},"o":{"a":0,"k":100,"ix":7},"sk":{"a":0,"k":0,"ix":4},"sa":{"a":0,"k":0,"ix":5},"nm":"变换"}],"nm":"形状 1","np":3,"cix":2,"ix":7,"mn":"ADBE Vector Group","hd":false},{"ty":"gr","it":[{"ind":0,"ty":"sh","ix":1,"ks":{"a":0,"k":{"i":[[0,0],[3.875,-5.625],[3.75,-4.375],[-0.161,2.009],[0,2.25],[0.875,0],[0.125,-1.875],[-3.75,-1.75],[-3.125,6.375],[-7.625,0],[4.25,1],[-3.125,0.625],[4.125,0],[-0.125,6.625],[-6.375,0],[0,-7.5],[9.25,-2],[0,0],[0,8.375],[-1,0],[0,-4.75],[1.125,1.375],[0.75,-0.75],[-3.625,0],[0,4.25],[4.75,0],[0,-4.875],[-6.375,-3.875],[0,0],[2.5,1.75],[1.375,-2.25],[0,0],[0,0],[0,0],[0,0.25],[0,19.5]],"o":[[0,0],[-3.875,5.625],[-3.75,4.375],[0.25,-3.125],[0,-2.25],[-0.875,0],[-0.125,1.875],[3.75,1.75],[0.5,3.75],[7.625,0],[-4.25,-1],[1.5,0.75],[-4.125,0],[0.125,-6.625],[6.375,0],[0,7.5],[-10.625,0],[0,0],[0,-8.375],[1,0],[0,4.75],[-1.125,-1.375],[-0.75,0.75],[3.625,0],[0,-4.25],[-4.75,0],[0,4.875],[-5.25,0],[0,0],[-2.5,-1.75],[-1.375,2.25],[0,0],[0,0],[0,0],[0,-0.25],[-2,-15.125]],"v":[[-18.25,-174.125],[-30.125,-168.375],[-37.375,-155.125],[-45.875,-155.875],[-43.625,-160.375],[-45.75,-162.625],[-48.375,-160.125],[-45,-151.625],[-32.875,-157.375],[-22.25,-148.5],[-18.25,-160],[-18.875,-155.25],[-22.625,-151],[-31,-160.125],[-18.375,-171.125],[-5.375,-159.375],[-18.125,-142.25],[-89.875,-142.25],[-101,-154.5],[-93.75,-163],[-86.75,-158.25],[-91.75,-154.625],[-94.875,-154.375],[-90.75,-152],[-84.625,-158.5],[-93.75,-165.25],[-103.375,-156.375],[-95.5,-142.5],[-104.375,-142.5],[-111.625,-147],[-116.75,-146.375],[-121.875,-142.125],[-171.5,-142.25],[-171.5,-139.5],[-18.5,-139.5],[-2.125,-160]],"c":true},"ix":2},"nm":"路径 1","mn":"ADBE Vector Shape - Group","hd":false},{"ty":"fl","c":{"a":0,"k":[1,1,1,1],"ix":4},"o":{"a":0,"k":100,"ix":5},"r":1,"nm":"填充 1","mn":"ADBE Vector Graphic - Fill","hd":false},{"ty":"tr","p":{"a":0,"k":[0,0],"ix":2},"a":{"a":0,"k":[6,0],"ix":1},"s":{"a":0,"k":[-100,100],"ix":3},"r":{"a":0,"k":0,"ix":6},"o":{"a":0,"k":100,"ix":7},"sk":{"a":0,"k":0,"ix":4},"sa":{"a":0,"k":0,"ix":5},"nm":"变换"}],"nm":"形状 2","np":3,"cix":2,"ix":8,"mn":"ADBE Vector Group","hd":false}],"ip":0,"op":75,"st":0,"bm":0},{"ddd":0,"ind":5,"ty":2,"nm":"background3.jpg","cl":"jpg","refId":"image_1","sr":1,"ks":{"o":{"a":0,"k":100,"ix":11},"r":{"a":0,"k":0,"ix":10},"p":{"a":0,"k":[360,202.5,0],"ix":2},"a":{"a":0,"k":[360,202.5,0],"ix":1},"s":{"a":0,"k":[100,100,100],"ix":6}},"ao":0,"ip":0,"op":75,"st":0,"bm":0}],"markers":[]}