<?xml version="1.0" encoding="UTF-8"?>
<root>
  <item name="com.vecore.base.exoplayer2.upstream.cache.CacheDataSource CacheDataSource(com.vecore.base.exoplayer2.upstream.cache.Cache, com.vecore.base.exoplayer2.upstream.DataSource, com.vecore.base.exoplayer2.upstream.DataSource, com.vecore.base.exoplayer2.upstream.DataSink, int, com.vecore.base.exoplayer2.upstream.cache.CacheDataSource.EventListener) 4">
    <annotation name="androidx.annotation.IntDef">
      <val name="flag" val="true" />
      <val name="value" val="{com.vecore.base.exoplayer2.upstream.cache.CacheDataSource.FLAG_BLOCK_ON_CACHE, com.vecore.base.exoplayer2.upstream.cache.CacheDataSource.FLAG_IGNORE_CACHE_ON_ERROR, com.vecore.base.exoplayer2.upstream.cache.CacheDataSource.FLAG_IGNORE_CACHE_FOR_UNSET_LENGTH_REQUESTS}" />
    </annotation>
  </item>
  <item name="com.vecore.base.exoplayer2.upstream.cache.CacheDataSource CacheDataSource(com.vecore.base.exoplayer2.upstream.cache.Cache, com.vecore.base.exoplayer2.upstream.DataSource, int) 2">
    <annotation name="androidx.annotation.IntDef">
      <val name="flag" val="true" />
      <val name="value" val="{com.vecore.base.exoplayer2.upstream.cache.CacheDataSource.FLAG_BLOCK_ON_CACHE, com.vecore.base.exoplayer2.upstream.cache.CacheDataSource.FLAG_IGNORE_CACHE_ON_ERROR, com.vecore.base.exoplayer2.upstream.cache.CacheDataSource.FLAG_IGNORE_CACHE_FOR_UNSET_LENGTH_REQUESTS}" />
    </annotation>
  </item>
  <item name="com.vecore.base.exoplayer2.upstream.cache.CacheDataSource CacheDataSource(com.vecore.base.exoplayer2.upstream.cache.Cache, com.vecore.base.exoplayer2.upstream.DataSource, int, long) 2">
    <annotation name="androidx.annotation.IntDef">
      <val name="flag" val="true" />
      <val name="value" val="{com.vecore.base.exoplayer2.upstream.cache.CacheDataSource.FLAG_BLOCK_ON_CACHE, com.vecore.base.exoplayer2.upstream.cache.CacheDataSource.FLAG_IGNORE_CACHE_ON_ERROR, com.vecore.base.exoplayer2.upstream.cache.CacheDataSource.FLAG_IGNORE_CACHE_FOR_UNSET_LENGTH_REQUESTS}" />
    </annotation>
  </item>
  <item name="com.vecore.base.exoplayer2.upstream.cache.CacheDataSource.Flags">
    <annotation name="androidx.annotation.IntDef">
      <val name="flag" val="true" />
      <val name="value" val="{com.vecore.base.exoplayer2.upstream.cache.CacheDataSource.FLAG_BLOCK_ON_CACHE, com.vecore.base.exoplayer2.upstream.cache.CacheDataSource.FLAG_IGNORE_CACHE_ON_ERROR, com.vecore.base.exoplayer2.upstream.cache.CacheDataSource.FLAG_IGNORE_CACHE_FOR_UNSET_LENGTH_REQUESTS}" />
    </annotation>
  </item>
</root>

