<?xml version="1.0" encoding="UTF-8"?>
<root>
  <item name="com.vecore.base.exoplayer2.extractor.mkv.MatroskaExtractor blockFlags">
    <annotation name="androidx.annotation.IntDef">
      <val name="flag" val="true" />
      <val name="value" val="{com.vecore.base.exoplayer2.C.BUFFER_FLAG_KEY_FRAME, com.vecore.base.exoplayer2.C.BUFFER_FLAG_END_OF_STREAM, com.vecore.base.exoplayer2.C.BUFFER_FLAG_ENCRYPTED, com.vecore.base.exoplayer2.C.BUFFER_FLAG_DECODE_ONLY}" />
    </annotation>
  </item>
  <item name="com.vecore.base.exoplayer2.extractor.mkv.MatroskaExtractor.Track stereoMode">
    <annotation name="androidx.annotation.IntDef">
      <val name="value" val="{com.vecore.base.exoplayer2.Format.NO_VALUE, com.vecore.base.exoplayer2.C.STEREO_MODE_MONO, com.vecore.base.exoplayer2.C.STEREO_MODE_TOP_BOTTOM, com.vecore.base.exoplayer2.C.STEREO_MODE_LEFT_RIGHT, com.vecore.base.exoplayer2.C.STEREO_MODE_STEREO_MESH}" />
    </annotation>
  </item>
</root>

