<?xml version="1.0" encoding="UTF-8"?>
<root>
  <item name="com.veuisdk.CropRotateMirrorActivity mCurDefaultCropMode">
    <annotation name="androidx.annotation.IntDef">
      <val name="value" val="{com.veuisdk.model.VideoOb.CROP_ORIGINAL, com.veuisdk.model.VideoOb.CROP_FREE, com.veuisdk.model.VideoOb.CROP_1, com.veuisdk.model.VideoOb.CROP_169, com.veuisdk.model.VideoOb.CROP_916}" />
    </annotation>
  </item>
  <item name="com.veuisdk.CropRotateMirrorActivity void changeCropMode(int) 0">
    <annotation name="androidx.annotation.IntDef">
      <val name="value" val="{com.veuisdk.model.VideoOb.CROP_ORIGINAL, com.veuisdk.model.VideoOb.CROP_FREE, com.veuisdk.model.VideoOb.CROP_1, com.veuisdk.model.VideoOb.CROP_169, com.veuisdk.model.VideoOb.CROP_916}" />
    </annotation>
  </item>
</root>

