<?xml version="1.0" encoding="UTF-8"?>
<root>
  <item name="com.veuisdk.ui.exoplayer.AspectRatioFrameLayout void setResizeMode(int) 0">
    <annotation name="androidx.annotation.IntDef">
      <val name="value" val="{com.veuisdk.ui.exoplayer.AspectRatioFrameLayout.RESIZE_MODE_FIT, com.veuisdk.ui.exoplayer.AspectRatioFrameLayout.RESIZE_MODE_FIXED_WIDTH, com.veuisdk.ui.exoplayer.AspectRatioFrameLayout.RESIZE_MODE_FIXED_HEIGHT, com.veuisdk.ui.exoplayer.AspectRatioFrameLayout.RESIZE_MODE_FILL}" />
    </annotation>
  </item>
  <item name="com.veuisdk.ui.exoplayer.AspectRatioFrameLayout.ResizeMode">
    <annotation name="androidx.annotation.IntDef">
      <val name="value" val="{com.veuisdk.ui.exoplayer.AspectRatioFrameLayout.RESIZE_MODE_FIT, com.veuisdk.ui.exoplayer.AspectRatioFrameLayout.RESIZE_MODE_FIXED_WIDTH, com.veuisdk.ui.exoplayer.AspectRatioFrameLayout.RESIZE_MODE_FIXED_HEIGHT, com.veuisdk.ui.exoplayer.AspectRatioFrameLayout.RESIZE_MODE_FILL}" />
    </annotation>
  </item>
  <item name="com.veuisdk.ui.exoplayer.RdExoPlayerView void setResizeMode(int) 0">
    <annotation name="androidx.annotation.IntDef">
      <val name="value" val="{com.veuisdk.ui.exoplayer.AspectRatioFrameLayout.RESIZE_MODE_FIT, com.veuisdk.ui.exoplayer.AspectRatioFrameLayout.RESIZE_MODE_FIXED_WIDTH, com.veuisdk.ui.exoplayer.AspectRatioFrameLayout.RESIZE_MODE_FIXED_HEIGHT, com.veuisdk.ui.exoplayer.AspectRatioFrameLayout.RESIZE_MODE_FILL}" />
    </annotation>
  </item>
</root>

