<?xml version="1.0" encoding="UTF-8"?>
<root>
  <item name="com.vecore.base.exoplayer2.drm.DefaultDrmSessionManager.Mode">
    <annotation name="androidx.annotation.IntDef">
      <val name="value" val="{com.vecore.base.exoplayer2.drm.DefaultDrmSessionManager&lt;T&gt;.MODE_PLAYBACK, com.vecore.base.exoplayer2.drm.DefaultDrmSessionManager&lt;T&gt;.MODE_QUERY, com.vecore.base.exoplayer2.drm.DefaultDrmSessionManager&lt;T&gt;.MODE_DOWNLOAD, com.vecore.base.exoplayer2.drm.DefaultDrmSessionManager&lt;T&gt;.MODE_RELEASE}" />
    </annotation>
  </item>
  <item name="com.vecore.base.exoplayer2.drm.UnsupportedDrmException UnsupportedDrmException(int) 0">
    <annotation name="androidx.annotation.IntDef">
      <val name="value" val="{com.vecore.base.exoplayer2.drm.UnsupportedDrmException.REASON_UNSUPPORTED_SCHEME, com.vecore.base.exoplayer2.drm.UnsupportedDrmException.REASON_INSTANTIATION_ERROR}" />
    </annotation>
  </item>
  <item name="com.vecore.base.exoplayer2.drm.UnsupportedDrmException UnsupportedDrmException(int, java.lang.Exception) 0">
    <annotation name="androidx.annotation.IntDef">
      <val name="value" val="{com.vecore.base.exoplayer2.drm.UnsupportedDrmException.REASON_UNSUPPORTED_SCHEME, com.vecore.base.exoplayer2.drm.UnsupportedDrmException.REASON_INSTANTIATION_ERROR}" />
    </annotation>
  </item>
  <item name="com.vecore.base.exoplayer2.drm.UnsupportedDrmException reason">
    <annotation name="androidx.annotation.IntDef">
      <val name="value" val="{com.vecore.base.exoplayer2.drm.UnsupportedDrmException.REASON_UNSUPPORTED_SCHEME, com.vecore.base.exoplayer2.drm.UnsupportedDrmException.REASON_INSTANTIATION_ERROR}" />
    </annotation>
  </item>
  <item name="com.vecore.base.exoplayer2.drm.UnsupportedDrmException.Reason">
    <annotation name="androidx.annotation.IntDef">
      <val name="value" val="{com.vecore.base.exoplayer2.drm.UnsupportedDrmException.REASON_UNSUPPORTED_SCHEME, com.vecore.base.exoplayer2.drm.UnsupportedDrmException.REASON_INSTANTIATION_ERROR}" />
    </annotation>
  </item>
</root>

